post_title,post_name,post_parent,ID,post_excerpt,post_content,post_status,post_password,menu_order,post_date,post_author,comment_status,sku,parent_sku,parent,children,downloadable,virtual,stock,regular_price,sale_price,weight,length,width,height,tax_class,stock_status,backorders,sold_individually,low_stock_amount,manage_stock,tax_status,upsell_ids,crosssell_ids,featured,purchase_note,sale_price_dates_from,sale_price_dates_to,download_limit,download_expiry,product_url,button_text,images,downloadable_files,product_page_url,tax:product_brand,tax:product_gender,tax:product_type,tax:product_visibility,tax:product_cat,tax:product_tag,tax:product_shipping_class,meta:product_banner,meta:total_sales,meta:wcbvp_variations_structure,meta:attribute_pa_color,meta:attribute_pa_size,attribute:NeckDesign,attribute_data:NeckDesign,attribute_default:NeckDesign,attribute:SleeveStyle,attribute_data:SleeveStyle,attribute_default:SleeveStyle,attribute:pa_color,attribute_data:pa_color,attribute_default:pa_color,attribute:pa_size,attribute_data:pa_size,attribute_default:pa_size
"Product 1",product-1,,16,,,publish,,0,"2021-05-07 12:28:13",1,open,,,,,no,no,199,10,,,,,,,instock,no,no,,yes,taxable,,,,,,,'-1,'-1,,,,,http://205.134.254.135/~teamh/apparel_direct/product/product-1/,Bali,,variable,,"Clothing &amp; Accessories|Clothing &amp; Accessories > Baby > Baby Boys > Accessories > Socks|Clothing &amp; Accessories > Boys > Underwear > Undershirts|Clothing &amp; Accessories > Girls > Underwear",,,,1,"{""columns"":""pa_size"",""rows"":""pa_color""}",,,,,,,,,Black|Red,0|1|1,,M|XL,1|1|1,
"Product 1 - Black, M",test-product-m-black,16,22,"Color: Black, Size: M",,publish,,1,"2021-06-11 14:05:23",1,closed,,,,,no,no,,10,,,,,,parent,instock,no,no,,no,taxable,,,,,,,'-1,'-1,,,,,http://205.134.254.135/~teamh/apparel_direct/product/product-1/,,,,,,,,,0,,Black,M,,,,,,,,,,,,
"Product 1 - Black, XL",test-product-xl-black,16,23,"Color: Black, Size: XL",,publish,,2,"2021-06-11 14:05:23",1,closed,,,,,no,no,,12,,,,,,parent,instock,no,no,,no,taxable,,,,,,,'-1,'-1,,,,,http://205.134.254.135/~teamh/apparel_direct/product/product-1/,,,,,,,,,0,,Black,XL,,,,,,,,,,,,
"Product 1 - Red, M",test-product-m-red,16,24,"Color: Red, Size: M",,publish,,3,"2021-06-11 14:05:23",1,closed,,,,,no,no,,10,,,,,,parent,instock,no,no,,no,taxable,,,,,,,'-1,'-1,,,,,http://205.134.254.135/~teamh/apparel_direct/product/product-1/,,,,,,,,,0,,Red,M,,,,,,,,,,,,
"Product 1 - Red, XL",test-product-xl-red,16,25,"Color: Red, Size: XL",,publish,,4,"2021-06-11 14:05:23",1,closed,,,,,no,no,,12,,,,,,parent,instock,no,no,,no,taxable,,,,,,,'-1,'-1,,,,,http://205.134.254.135/~teamh/apparel_direct/product/product-1/,,,,,,,,,0,,Red,XL,,,,,,,,,,,,
"Product 2",product-2,,26,,"Donec velit risus, aliquet vel cursus sed, pulvinar at nisl. Sed aliquam mauris dignissim nunc ultricies pulvinar. Morbi ac eros tempus, rutrum augue et, tincidunt odio. Sed vitae lorem sit amet lacus accumsan faucibus ac eu dolor. Cras eget elit arcu. Pellentesque tristique porta cursus. Sed risus diam, condimentum ullamcorper tincidunt ac, sodales a nunc. Nullam felis sapien, euismod ac quam sed, pulvinar congue eros. Proin sit amet arcu malesuada, ullamcorper felis sed, vestibulum nisl. Proin bibendum vitae ligula maximus placerat. Pellentesque quis nisi vel est finibus faucibus. Lorem ipsum dolor sit amet, consectetur adipiscing elit. Donec semper et est nec viverra. Class aptent taciti sociosqu ad litora torquent per conubia nostra, per inceptos himenaeos.",publish,,0,"2021-06-11 16:58:53",1,closed,HK25674,,,,no,no,159,4,,,,,,,instock,no,no,,yes,taxable,,,,,,,'-1,'-1,,,"http://205.134.254.135/~teamh/apparel_direct/wp-content/uploads/2021/06/rec3.jpg ! alt :  ! title : rec3 ! desc :  ! caption :  | http://205.134.254.135/~teamh/apparel_direct/wp-content/uploads/2021/06/men-menu.jpg ! alt :  ! title : men-menu ! desc :  ! caption :  | http://205.134.254.135/~teamh/apparel_direct/wp-content/uploads/2021/06/girls-menu.jpg ! alt :  ! title : girls-menu ! desc :  ! caption :  | http://205.134.254.135/~teamh/apparel_direct/wp-content/uploads/2021/06/boys-menu.jpg ! alt :  ! title : boys-menu ! desc :  ! caption : ",,http://205.134.254.135/~teamh/apparel_direct/product/product-2/,Bali|Champion|Hanes|Maidenform|Playtex,,variable,,"Clothing &amp; Accessories > Baby > Baby Boys",,,122,41,"{""columns"":""pa_size"",""rows"":""pa_color""}",,,,,,,,,"Black|Blue|Green|Orange|Purple|Red|Sky Blue|White|Yellow",0|1|1,,2XL|3XL|4XL|L|M|S|XL|XS|XXL,1|1|1,
"Product 2 - Black, 2XL",product-2-2xl-black,26,820,"Color: Black, Size: 2XL",,publish,,1,"2021-07-08 09:58:23",1,closed,,HK25674,,,no,no,0,8,,,,,,parent,instock,no,no,,no,taxable,,,,,,,'-1,'-1,,,,,http://205.134.254.135/~teamh/apparel_direct/product/product-2/,,,,,,,,,0,,Black,2XL,,,,,,,,,,,,
"Product 2 - Black, 3XL",product-2-3xl-black,26,821,"Color: Black, Size: 3XL",,publish,,2,"2021-07-08 09:58:23",1,closed,,HK25674,,,no,no,0,9,,,,,,parent,instock,no,no,,no,taxable,,,,,,,'-1,'-1,,,,,http://205.134.254.135/~teamh/apparel_direct/product/product-2/,,,,,,,,,0,,Black,3XL,,,,,,,,,,,,
"Product 2 - Black, 4XL",product-2-4xl-black,26,822,"Color: Black, Size: 4XL",,publish,,3,"2021-07-08 09:58:23",1,closed,,HK25674,,,no,no,0,8,,,,,,parent,instock,no,no,,no,taxable,,,,,,,'-1,'-1,,,,,http://205.134.254.135/~teamh/apparel_direct/product/product-2/,,,,,,,,,0,,Black,4XL,,,,,,,,,,,,
"Product 2 - Black, XS",product-2-xs-black,26,823,"Color: Black, Size: XS",,publish,,4,"2021-07-08 09:58:23",1,closed,,HK25674,,,no,no,0,7,,,,,,parent,instock,no,no,,no,taxable,,,,,,,'-1,'-1,,,,,http://205.134.254.135/~teamh/apparel_direct/product/product-2/,,,,,,,,,0,,Black,XS,,,,,,,,,,,,
"Product 2 - Blue, 2XL",product-2-2xl-blue,26,824,"Color: Blue, Size: 2XL",,publish,,5,"2021-07-08 09:58:23",1,closed,,HK25674,,,no,no,0,8,,,,,,parent,instock,no,no,,no,taxable,,,,,,,'-1,'-1,,,,,http://205.134.254.135/~teamh/apparel_direct/product/product-2/,,,,,,,,,0,,Blue,2XL,,,,,,,,,,,,
"Product 2 - Blue, 3XL",product-2-3xl-blue,26,825,"Color: Blue, Size: 3XL",,publish,,6,"2021-07-08 09:58:23",1,closed,,HK25674,,,no,no,0,7,,,,,,parent,instock,no,no,,no,taxable,,,,,,,'-1,'-1,,,,,http://205.134.254.135/~teamh/apparel_direct/product/product-2/,,,,,,,,,0,,Blue,3XL,,,,,,,,,,,,
"Product 2 - Blue, 4XL",product-2-4xl-blue,26,826,"Color: Blue, Size: 4XL",,publish,,7,"2021-07-08 09:58:23",1,closed,,HK25674,,,no,no,0,8,,,,,,parent,instock,no,no,,no,taxable,,,,,,,'-1,'-1,,,,,http://205.134.254.135/~teamh/apparel_direct/product/product-2/,,,,,,,,,0,,Blue,4XL,,,,,,,,,,,,
"Product 2 - Blue, XS",product-2-xs-blue,26,827,"Color: Blue, Size: XS",,publish,,8,"2021-07-08 09:58:23",1,closed,,HK25674,,,no,no,0,9,,,,,,parent,instock,no,no,,no,taxable,,,,,,,'-1,'-1,,,,,http://205.134.254.135/~teamh/apparel_direct/product/product-2/,,,,,,,,,0,,Blue,XS,,,,,,,,,,,,
"Product 2 - Green, 2XL",product-2-2xl-green,26,828,"Color: Green, Size: 2XL",,publish,,9,"2021-07-08 09:58:23",1,closed,,HK25674,,,no,no,0,7,,,,,,parent,instock,no,no,,no,taxable,,,,,,,'-1,'-1,,,,,http://205.134.254.135/~teamh/apparel_direct/product/product-2/,,,,,,,,,0,,Green,2XL,,,,,,,,,,,,
"Product 2 - Green, 3XL",product-2-3xl-green,26,829,"Color: Green, Size: 3XL",,publish,,10,"2021-07-08 09:58:23",1,closed,,HK25674,,,no,no,0,8,,,,,,parent,instock,no,no,,no,taxable,,,,,,,'-1,'-1,,,,,http://205.134.254.135/~teamh/apparel_direct/product/product-2/,,,,,,,,,0,,Green,3XL,,,,,,,,,,,,
"Product 2 - Green, 4XL",product-2-4xl-green,26,830,"Color: Green, Size: 4XL",,publish,,11,"2021-07-08 09:58:23",1,closed,,HK25674,,,no,no,0,7,,,,,,parent,instock,no,no,,no,taxable,,,,,,,'-1,'-1,,,,,http://205.134.254.135/~teamh/apparel_direct/product/product-2/,,,,,,,,,0,,Green,4XL,,,,,,,,,,,,
"Product 2 - Green, XS",product-2-xs-green,26,831,"Color: Green, Size: XS",,publish,,12,"2021-07-08 09:58:23",1,closed,,HK25674,,,no,no,0,8,,,,,,parent,instock,no,no,,no,taxable,,,,,,,'-1,'-1,,,,,http://205.134.254.135/~teamh/apparel_direct/product/product-2/,,,,,,,,,0,,Green,XS,,,,,,,,,,,,
"Product 2 - Orange, 2XL",product-2-2xl-orange,26,832,"Color: Orange, Size: 2XL",,publish,,13,"2021-07-08 09:58:23",1,closed,,HK25674,,,no,no,0,8,,,,,,parent,instock,no,no,,no,taxable,,,,,,,'-1,'-1,,,,,http://205.134.254.135/~teamh/apparel_direct/product/product-2/,,,,,,,,,0,,Orange,2XL,,,,,,,,,,,,
"Product 2 - Orange, 3XL",product-2-3xl-orange,26,833,"Color: Orange, Size: 3XL",,publish,,14,"2021-07-08 09:58:23",1,closed,,HK25674,,,no,no,0,7,,,,,,parent,instock,no,no,,no,taxable,,,,,,,'-1,'-1,,,,,http://205.134.254.135/~teamh/apparel_direct/product/product-2/,,,,,,,,,0,,Orange,3XL,,,,,,,,,,,,
"Product 2 - Orange, 4XL",product-2-4xl-orange,26,834,"Color: Orange, Size: 4XL",,publish,,15,"2021-07-08 09:58:23",1,closed,,HK25674,,,no,no,0,6,,,,,,parent,instock,no,no,,no,taxable,,,,,,,'-1,'-1,,,,,http://205.134.254.135/~teamh/apparel_direct/product/product-2/,,,,,,,,,0,,Orange,4XL,,,,,,,,,,,,
"Product 2 - Orange, L",product-2-l-orange,26,835,"Color: Orange, Size: L",,publish,,16,"2021-07-08 09:58:23",1,closed,,HK25674,,,no,no,0,5,,,,,,parent,instock,no,no,,no,taxable,,,,,,,'-1,'-1,,,,,http://205.134.254.135/~teamh/apparel_direct/product/product-2/,,,,,,,,,0,,Orange,L,,,,,,,,,,,,
"Product 2 - Orange, M",product-2-m-orange,26,836,"Color: Orange, Size: M",,publish,,17,"2021-07-08 09:58:23",1,closed,,HK25674,,,no,no,0,6,,,,,,parent,instock,no,no,,no,taxable,,,,,,,'-1,'-1,,,,,http://205.134.254.135/~teamh/apparel_direct/product/product-2/,,,,,,,,,0,,Orange,M,,,,,,,,,,,,
"Product 2 - Orange, S",product-2-s-orange,26,837,"Color: Orange, Size: S",,publish,,18,"2021-07-08 09:58:23",1,closed,,HK25674,,,no,no,0,7,,,,,,parent,instock,no,no,,no,taxable,,,,,,,'-1,'-1,,,,,http://205.134.254.135/~teamh/apparel_direct/product/product-2/,,,,,,,,,0,,Orange,S,,,,,,,,,,,,
"Product 2 - Orange, XL",product-2-xl-orange,26,838,"Color: Orange, Size: XL",,publish,,19,"2021-07-08 09:58:23",1,closed,,HK25674,,,no,no,0,8,,,,,,parent,instock,no,no,,no,taxable,,,,,,,'-1,'-1,,,,,http://205.134.254.135/~teamh/apparel_direct/product/product-2/,,,,,,,,,0,,Orange,XL,,,,,,,,,,,,
"Product 2 - Orange, XS",product-2-xs-orange,26,839,"Color: Orange, Size: XS",,publish,,20,"2021-07-08 09:58:23",1,closed,,HK25674,,,no,no,0,9,,,,,,parent,instock,no,no,,no,taxable,,,,,,,'-1,'-1,,,,,http://205.134.254.135/~teamh/apparel_direct/product/product-2/,,,,,,,,,0,,Orange,XS,,,,,,,,,,,,
"Product 2 - Orange, XXL",product-2-xxl-orange,26,840,"Color: Orange, Size: XXL",,publish,,21,"2021-07-08 09:58:23",1,closed,,HK25674,,,no,no,0,10,,,,,,parent,instock,no,no,,no,taxable,,,,,,,'-1,'-1,,,,,http://205.134.254.135/~teamh/apparel_direct/product/product-2/,,,,,,,,,0,,Orange,XXL,,,,,,,,,,,,
"Product 2 - Purple, 2XL",product-2-2xl-purple,26,841,"Color: Purple, Size: 2XL",,publish,,22,"2021-07-08 09:58:23",1,closed,,HK25674,,,no,no,0,8,,,,,,parent,instock,no,no,,no,taxable,,,,,,,'-1,'-1,,,,,http://205.134.254.135/~teamh/apparel_direct/product/product-2/,,,,,,,,,0,,Purple,2XL,,,,,,,,,,,,
"Product 2 - Purple, 3XL",product-2-3xl-purple,26,842,"Color: Purple, Size: 3XL",,publish,,23,"2021-07-08 09:58:23",1,closed,,HK25674,,,no,no,0,7,,,,,,parent,instock,no,no,,no,taxable,,,,,,,'-1,'-1,,,,,http://205.134.254.135/~teamh/apparel_direct/product/product-2/,,,,,,,,,0,,Purple,3XL,,,,,,,,,,,,
"Product 2 - Purple, 4XL",product-2-4xl-purple,26,843,"Color: Purple, Size: 4XL",,publish,,24,"2021-07-08 09:58:23",1,closed,,HK25674,,,no,no,0,8,,,,,,parent,instock,no,no,,no,taxable,,,,,,,'-1,'-1,,,,,http://205.134.254.135/~teamh/apparel_direct/product/product-2/,,,,,,,,,0,,Purple,4XL,,,,,,,,,,,,
"Product 2 - Purple, L",product-2-l-purple,26,844,"Color: Purple, Size: L",,publish,,25,"2021-07-08 09:58:23",1,closed,,HK25674,,,no,no,0,7,,,,,,parent,instock,no,no,,no,taxable,,,,,,,'-1,'-1,,,,,http://205.134.254.135/~teamh/apparel_direct/product/product-2/,,,,,,,,,0,,Purple,L,,,,,,,,,,,,
"Product 2 - Purple, M",product-2-m-purple,26,845,"Color: Purple, Size: M",,publish,,26,"2021-07-08 09:58:23",1,closed,,HK25674,,,no,no,0,8,,,,,,parent,instock,no,no,,no,taxable,,,,,,,'-1,'-1,,,,,http://205.134.254.135/~teamh/apparel_direct/product/product-2/,,,,,,,,,0,,Purple,M,,,,,,,,,,,,
"Product 2 - Purple, S",product-2-s-purple,26,846,"Color: Purple, Size: S",,publish,,27,"2021-07-08 09:58:24",1,closed,,HK25674,,,no,no,0,7,,,,,,parent,instock,no,no,,no,taxable,,,,,,,'-1,'-1,,,,,http://205.134.254.135/~teamh/apparel_direct/product/product-2/,,,,,,,,,0,,Purple,S,,,,,,,,,,,,
"Product 2 - Purple, XL",product-2-xl-purple,26,847,"Color: Purple, Size: XL",,publish,,28,"2021-07-08 09:58:24",1,closed,,HK25674,,,no,no,0,8,,,,,,parent,instock,no,no,,no,taxable,,,,,,,'-1,'-1,,,,,http://205.134.254.135/~teamh/apparel_direct/product/product-2/,,,,,,,,,0,,Purple,XL,,,,,,,,,,,,
"Product 2 - Purple, XS",product-2-xs-purple,26,848,"Color: Purple, Size: XS",,publish,,29,"2021-07-08 09:58:24",1,closed,,HK25674,,,no,no,0,4,,,,,,parent,instock,no,no,,no,taxable,,,,,,,'-1,'-1,,,,,http://205.134.254.135/~teamh/apparel_direct/product/product-2/,,,,,,,,,0,,Purple,XS,,,,,,,,,,,,
"Product 2 - Purple, XXL",product-2-xxl-purple,26,849,"Color: Purple, Size: XXL",,publish,,30,"2021-07-08 09:58:24",1,closed,,HK25674,,,no,no,0,9,,,,,,parent,instock,no,no,,no,taxable,,,,,,,'-1,'-1,,,,,http://205.134.254.135/~teamh/apparel_direct/product/product-2/,,,,,,,,,0,,Purple,XXL,,,,,,,,,,,,
"Product 2 - Red, 2XL",product-2-2xl-red,26,850,"Color: Red, Size: 2XL",,publish,,31,"2021-07-08 09:58:24",1,closed,,HK25674,,,no,no,0,5,,,,,,parent,instock,no,no,,no,taxable,,,,,,,'-1,'-1,,,,,http://205.134.254.135/~teamh/apparel_direct/product/product-2/,,,,,,,,,0,,Red,2XL,,,,,,,,,,,,
"Product 2 - Red, 3XL",product-2-3xl-red,26,851,"Color: Red, Size: 3XL",,publish,,32,"2021-07-08 09:58:24",1,closed,,HK25674,,,no,no,0,6,,,,,,parent,instock,no,no,,no,taxable,,,,,,,'-1,'-1,,,,,http://205.134.254.135/~teamh/apparel_direct/product/product-2/,,,,,,,,,0,,Red,3XL,,,,,,,,,,,,
"Product 2 - Red, 4XL",product-2-4xl-red,26,852,"Color: Red, Size: 4XL",,publish,,33,"2021-07-08 09:58:24",1,closed,,HK25674,,,no,no,0,7,,,,,,parent,instock,no,no,,no,taxable,,,,,,,'-1,'-1,,,,,http://205.134.254.135/~teamh/apparel_direct/product/product-2/,,,,,,,,,0,,Red,4XL,,,,,,,,,,,,
"Product 2 - Red, XS",product-2-xs-red,26,853,"Color: Red, Size: XS",,publish,,34,"2021-07-08 09:58:24",1,closed,,HK25674,,,no,no,0,8,,,,,,parent,instock,no,no,,no,taxable,,,,,,,'-1,'-1,,,,,http://205.134.254.135/~teamh/apparel_direct/product/product-2/,,,,,,,,,0,,Red,XS,,,,,,,,,,,,
"Product 2 - Sky Blue, 2XL",product-2-2xl-sky-blue,26,854,"Color: Sky Blue, Size: 2XL",,publish,,35,"2021-07-08 09:58:24",1,closed,,HK25674,,,no,no,0,6,,,,,,parent,instock,no,no,,no,taxable,,,,,,,'-1,'-1,,,,,http://205.134.254.135/~teamh/apparel_direct/product/product-2/,,,,,,,,,0,,"Sky Blue",2XL,,,,,,,,,,,,
"Product 2 - Sky Blue, 3XL",product-2-3xl-sky-blue,26,855,"Color: Sky Blue, Size: 3XL",,publish,,36,"2021-07-08 09:58:24",1,closed,,HK25674,,,no,no,0,7,,,,,,parent,instock,no,no,,no,taxable,,,,,,,'-1,'-1,,,,,http://205.134.254.135/~teamh/apparel_direct/product/product-2/,,,,,,,,,0,,"Sky Blue",3XL,,,,,,,,,,,,
"Product 2 - Sky Blue, 4XL",product-2-4xl-sky-blue,26,856,"Color: Sky Blue, Size: 4XL",,publish,,37,"2021-07-08 09:58:24",1,closed,,HK25674,,,no,no,0,8,,,,,,parent,instock,no,no,,no,taxable,,,,,,,'-1,'-1,,,,,http://205.134.254.135/~teamh/apparel_direct/product/product-2/,,,,,,,,,0,,"Sky Blue",4XL,,,,,,,,,,,,
"Product 2 - Sky Blue, L",product-2-l-sky-blue,26,857,"Color: Sky Blue, Size: L",,publish,,38,"2021-07-08 09:58:24",1,closed,,HK25674,,,no,no,0,7,,,,,,parent,instock,no,no,,no,taxable,,,,,,,'-1,'-1,,,,,http://205.134.254.135/~teamh/apparel_direct/product/product-2/,,,,,,,,,0,,"Sky Blue",L,,,,,,,,,,,,
"Product 2 - Sky Blue, M",product-2-m-sky-blue,26,858,"Color: Sky Blue, Size: M",,publish,,39,"2021-07-08 09:58:24",1,closed,,HK25674,,,no,no,0,8,,,,,,parent,instock,no,no,,no,taxable,,,,,,,'-1,'-1,,,,,http://205.134.254.135/~teamh/apparel_direct/product/product-2/,,,,,,,,,0,,"Sky Blue",M,,,,,,,,,,,,
"Product 2 - Sky Blue, S",product-2-s-sky-blue,26,859,"Color: Sky Blue, Size: S",,publish,,40,"2021-07-08 09:58:24",1,closed,,HK25674,,,no,no,0,5,,,,,,parent,instock,no,no,,no,taxable,,,,,,,'-1,'-1,,,,,http://205.134.254.135/~teamh/apparel_direct/product/product-2/,,,,,,,,,0,,"Sky Blue",S,,,,,,,,,,,,
"Product 2 - Sky Blue, XL",product-2-xl-sky-blue,26,860,"Color: Sky Blue, Size: XL",,publish,,41,"2021-07-08 09:58:24",1,closed,,HK25674,,,no,no,0,8,,,,,,parent,instock,no,no,,no,taxable,,,,,,,'-1,'-1,,,,,http://205.134.254.135/~teamh/apparel_direct/product/product-2/,,,,,,,,,0,,"Sky Blue",XL,,,,,,,,,,,,
"Product 2 - Sky Blue, XS",product-2-xs-sky-blue,26,861,"Color: Sky Blue, Size: XS",,publish,,42,"2021-07-08 09:58:24",1,closed,,HK25674,,,no,no,0,9,,,,,,parent,instock,no,no,,no,taxable,,,,,,,'-1,'-1,,,,,http://205.134.254.135/~teamh/apparel_direct/product/product-2/,,,,,,,,,0,,"Sky Blue",XS,,,,,,,,,,,,
"Product 2 - Sky Blue, XXL",product-2-xxl-sky-blue,26,862,"Color: Sky Blue, Size: XXL",,publish,,43,"2021-07-08 09:58:24",1,closed,,HK25674,,,no,no,0,13,,,,,,parent,outofstock,no,no,,yes,taxable,,,,,,,'-1,'-1,,,,,http://205.134.254.135/~teamh/apparel_direct/product/product-2/,,,,outofstock,,,,,0,,"Sky Blue",XXL,,,,,,,,,,,,
"Product 2 - White, 2XL",product-2-2xl-white,26,863,"Color: White, Size: 2XL",,publish,,44,"2021-07-08 09:58:24",1,closed,,HK25674,,,no,no,0,8,,,,,,parent,instock,no,no,,no,taxable,,,,,,,'-1,'-1,,,,,http://205.134.254.135/~teamh/apparel_direct/product/product-2/,,,,,,,,,0,,White,2XL,,,,,,,,,,,,
"Product 2 - White, 3XL",product-2-3xl-white,26,864,"Color: White, Size: 3XL",,publish,,45,"2021-07-08 09:58:24",1,closed,,HK25674,,,no,no,0,9,,,,,,parent,instock,no,no,,no,taxable,,,,,,,'-1,'-1,,,,,http://205.134.254.135/~teamh/apparel_direct/product/product-2/,,,,,,,,,0,,White,3XL,,,,,,,,,,,,
"Product 2 - White, 4XL",product-2-4xl-white,26,865,"Color: White, Size: 4XL",,publish,,46,"2021-07-08 09:58:24",1,closed,,HK25674,,,no,no,0,14,,,,,,parent,instock,no,no,,no,taxable,,,,,,,'-1,'-1,,,,,http://205.134.254.135/~teamh/apparel_direct/product/product-2/,,,,,,,,,0,,White,4XL,,,,,,,,,,,,
"Product 2 - White, XS",product-2-xs-white,26,866,"Color: White, Size: XS",,publish,,47,"2021-07-08 09:58:24",1,closed,,HK25674,,,no,no,0,6,,,,,,parent,instock,no,no,,no,taxable,,,,,,,'-1,'-1,,,,,http://205.134.254.135/~teamh/apparel_direct/product/product-2/,,,,,,,,,0,,White,XS,,,,,,,,,,,,
"Product 2 - Yellow, 2XL",product-2-2xl-yellow,26,867,"Color: Yellow, Size: 2XL",,publish,,48,"2021-07-08 09:58:24",1,closed,,HK25674,,,no,no,0,8,,,,,,parent,instock,no,no,,no,taxable,,,,,,,'-1,'-1,,,,,http://205.134.254.135/~teamh/apparel_direct/product/product-2/,,,,,,,,,0,,Yellow,2XL,,,,,,,,,,,,
"Product 2 - Yellow, 3XL",product-2-3xl-yellow,26,868,"Color: Yellow, Size: 3XL",,publish,,49,"2021-07-08 09:58:24",1,closed,,HK25674,,,no,no,0,7,,,,,,parent,instock,no,no,,no,taxable,,,,,,,'-1,'-1,,,,,http://205.134.254.135/~teamh/apparel_direct/product/product-2/,,,,,,,,,0,,Yellow,3XL,,,,,,,,,,,,
"Product 2 - Yellow, 4XL",product-2-4xl-yellow,26,869,"Color: Yellow, Size: 4XL",,publish,,50,"2021-07-08 09:58:24",1,closed,,HK25674,,,no,no,0,13,,,,,,parent,instock,no,no,,no,taxable,,,,,,,'-1,'-1,,,,,http://205.134.254.135/~teamh/apparel_direct/product/product-2/,,,,,,,,,0,,Yellow,4XL,,,,,,,,,,,,
"Product 2 - Black, L",product-2-l-black,26,90,"Color: Black, Size: L",,publish,,51,"2021-06-21 14:14:31",1,closed,,HK25674,,,no,no,0,8,7,,,,,parent,instock,no,no,,no,taxable,,,,,,,'-1,'-1,,,,,http://205.134.254.135/~teamh/apparel_direct/product/product-2/,,,,,,,,,0,,Black,L,,,,,,,,,,,,
"Product 2 - Black, M",product-2-m-black,26,91,"Color: Black, Size: M",,publish,,52,"2021-06-21 14:14:31",1,closed,,HK25674,,,no,no,0,8,,,,,,parent,outofstock,no,no,,yes,taxable,,,,,,,'-1,'-1,,,,,http://205.134.254.135/~teamh/apparel_direct/product/product-2/,,,,outofstock,,,,,0,,Black,M,,,,,,,,,,,,
"Product 2 - Black, S",product-2-s-black,26,92,"Color: Black, Size: S",,publish,,53,"2021-06-21 14:14:31",1,closed,,HK25674,,,no,no,0,11,,,,,,parent,instock,no,no,,no,taxable,,,,,,,'-1,'-1,,,,,http://205.134.254.135/~teamh/apparel_direct/product/product-2/,,,,,,,,,0,,Black,S,,,,,,,,,,,,
"Product 2 - Black, XL",product-2-xl-black,26,93,"Color: Black, Size: XL",,publish,,54,"2021-06-21 14:14:31",1,closed,,HK25674,,,no,no,0,9,,,,,,parent,instock,no,no,,no,taxable,,,,,,,'-1,'-1,,,,,http://205.134.254.135/~teamh/apparel_direct/product/product-2/,,,,,,,,,0,,Black,XL,,,,,,,,,,,,
"Product 2 - Black, XXL",product-2-xxl-black,26,94,"Color: Black, Size: XXL",,publish,,55,"2021-06-21 14:14:31",1,closed,,HK25674,,,no,no,0,10,,,,,,parent,instock,no,no,,no,taxable,,,,,,,'-1,'-1,,,,,http://205.134.254.135/~teamh/apparel_direct/product/product-2/,,,,,,,,,0,,Black,XXL,,,,,,,,,,,,
"Product 2 - Blue, M",product-2-m-blue,26,95,"Color: Blue, Size: M",,publish,,56,"2021-06-21 14:14:31",1,closed,,HK25674,,,no,no,0,9,,,,,,parent,instock,no,no,,no,taxable,,,,,,,'-1,'-1,,,,,http://205.134.254.135/~teamh/apparel_direct/product/product-2/,,,,,,,,,0,,Blue,M,,,,,,,,,,,,
"Product 2 - Blue, XL",product-2-xl-blue,26,96,"Color: Blue, Size: XL",,publish,,57,"2021-06-21 14:14:31",1,closed,,HK25674,,,no,no,0,10,,,,,,parent,instock,no,no,,no,taxable,,,,,,,'-1,'-1,,,,,http://205.134.254.135/~teamh/apparel_direct/product/product-2/,,,,,,,,,0,,Blue,XL,,,,,,,,,,,,
"Product 2 - Green, M",product-2-m-green,26,97,"Color: Green, Size: M",,publish,,58,"2021-06-21 14:14:31",1,closed,,HK25674,,,no,no,0,8,,,,,,parent,instock,no,no,,no,taxable,,,,,,,'-1,'-1,,,,,http://205.134.254.135/~teamh/apparel_direct/product/product-2/,,,,,,,,,0,,Green,M,,,,,,,,,,,,
"Product 2 - Green, XL",product-2-xl-green,26,98,"Color: Green, Size: XL",,publish,,59,"2021-06-21 14:14:31",1,closed,,HK25674,,,no,no,0,9,,,,,,parent,instock,no,no,,no,taxable,,,,,,,'-1,'-1,,,,,http://205.134.254.135/~teamh/apparel_direct/product/product-2/,,,,,,,,,0,,Green,XL,,,,,,,,,,,,
"Product 2 - Red, L",product-2-l-red,26,99,"Color: Red, Size: L",,publish,,60,"2021-06-21 14:14:31",1,closed,,HK25674,,,no,no,0,11,,,,,,parent,instock,no,no,,no,taxable,,,,,,,'-1,'-1,,,,,http://205.134.254.135/~teamh/apparel_direct/product/product-2/,,,,,,,,,0,,Red,L,,,,,,,,,,,,
"Product 2 - Red, M",product-2-m-red,26,100,"Color: Red, Size: M",,publish,,61,"2021-06-21 14:14:31",1,closed,,HK25674,,,no,no,0,12,,,,,,parent,instock,no,no,,no,taxable,,,,,,,'-1,'-1,,,,,http://205.134.254.135/~teamh/apparel_direct/product/product-2/,,,,,,,,,0,,Red,M,,,,,,,,,,,,
"Product 2 - Red, S",product-2-s-red,26,101,"Color: Red, Size: S",,publish,,62,"2021-06-21 14:14:31",1,closed,,HK25674,,,no,no,0,13,,,,,,parent,instock,no,no,,no,taxable,,,,,,,'-1,'-1,,,,,http://205.134.254.135/~teamh/apparel_direct/product/product-2/,,,,,,,,,0,,Red,S,,,,,,,,,,,,
"Product 2 - Red, XL",product-2-xl-red,26,102,"Color: Red, Size: XL",,publish,,63,"2021-06-21 14:14:31",1,closed,,HK25674,,,no,no,0,14,,,,,,parent,instock,no,no,,no,taxable,,,,,,,'-1,'-1,,,,,http://205.134.254.135/~teamh/apparel_direct/product/product-2/,,,,,,,,,0,,Red,XL,,,,,,,,,,,,
"Product 2 - Red, XXL",product-2-xxl-red,26,103,"Color: Red, Size: XXL",,publish,,64,"2021-06-21 14:14:31",1,closed,,HK25674,,,no,no,0,15,,,,,,parent,instock,no,no,,no,taxable,,,,,,,'-1,'-1,,,,,http://205.134.254.135/~teamh/apparel_direct/product/product-2/,,,,,,,,,0,,Red,XXL,,,,,,,,,,,,
"Product 2 - White, L",product-2-l-white,26,104,"Color: White, Size: L",,publish,,65,"2021-06-21 14:14:31",1,closed,,HK25674,,,no,no,0,10,,,,,,parent,instock,no,no,,no,taxable,,,,,,,'-1,'-1,,,,,http://205.134.254.135/~teamh/apparel_direct/product/product-2/,,,,,,,,,0,,White,L,,,,,,,,,,,,
"Product 2 - White, M",product-2-m-white,26,105,"Color: White, Size: M",,publish,,66,"2021-06-21 14:14:31",1,closed,,HK25674,,,no,no,0,12,,,,,,parent,instock,no,no,,no,taxable,,,,,,,'-1,'-1,,,,,http://205.134.254.135/~teamh/apparel_direct/product/product-2/,,,,,,,,,0,,White,M,,,,,,,,,,,,
"Product 2 - White, S",product-2-s-white,26,106,"Color: White, Size: S",,publish,,67,"2021-06-21 14:14:31",1,closed,,HK25674,,,no,no,0,13,,,,,,parent,instock,no,no,,no,taxable,,,,,,,'-1,'-1,,,,,http://205.134.254.135/~teamh/apparel_direct/product/product-2/,,,,,,,,,0,,White,S,,,,,,,,,,,,
"Product 2 - White, XL",product-2-xl-white,26,107,"Color: White, Size: XL",,publish,,68,"2021-06-21 14:14:31",1,closed,,HK25674,,,no,no,0,14,,,,,,parent,instock,no,no,,no,taxable,,,,,,,'-1,'-1,,,,,http://205.134.254.135/~teamh/apparel_direct/product/product-2/,,,,,,,,,0,,White,XL,,,,,,,,,,,,
"Product 2 - White, XXL",product-2-xxl-white,26,108,"Color: White, Size: XXL",,publish,,69,"2021-06-21 14:14:31",1,closed,,HK25674,,,no,no,0,15,,,,,,parent,instock,no,no,,no,taxable,,,,,,,'-1,'-1,,,,,http://205.134.254.135/~teamh/apparel_direct/product/product-2/,,,,,,,,,0,,White,XXL,,,,,,,,,,,,
"Product 2 - Blue, L",product-2-l-blue,26,33,"Color: Blue, Size: L",,publish,,70,"2021-06-15 14:16:36",1,closed,,HK25674,,,no,no,0,10,,,,,,parent,instock,no,no,,no,taxable,,,,,,,'-1,'-1,,,,,http://205.134.254.135/~teamh/apparel_direct/product/product-2/,,,,,,,,,0,,Blue,L,,,,,,,,,,,,
"Product 2 - Blue, S",product-2-s-blue,26,34,"Color: Blue, Size: S",,publish,,71,"2021-06-15 14:16:36",1,closed,,HK25674,,,no,no,0,11,,,,,,parent,instock,no,no,,no,taxable,,,,,,,'-1,'-1,,,,,http://205.134.254.135/~teamh/apparel_direct/product/product-2/,,,,,,,,,0,,Blue,S,,,,,,,,,,,,
"Product 2 - Blue, XXL",product-2-xxl-blue,26,35,"Color: Blue, Size: XXL",,publish,,72,"2021-06-15 14:16:36",1,closed,,HK25674,,,no,no,0,12,,,,,,parent,instock,no,no,,no,taxable,,,,,,,'-1,'-1,,,,,http://205.134.254.135/~teamh/apparel_direct/product/product-2/,,,,,,,,,0,,Blue,XXL,,,,,,,,,,,,
"Product 2 - Green, L",product-2-l-green,26,36,"Color: Green, Size: L",,publish,,73,"2021-06-15 14:16:36",1,closed,,HK25674,,,no,no,0,13,,,,,,parent,instock,no,no,,no,taxable,,,,,,,'-1,'-1,,,,,http://205.134.254.135/~teamh/apparel_direct/product/product-2/,,,,,,,,,0,,Green,L,,,,,,,,,,,,
"Product 2 - Green, S",product-2-s-green,26,37,"Color: Green, Size: S",,publish,,74,"2021-06-15 14:16:36",1,closed,,HK25674,,,no,no,0,14,,,,,,parent,instock,no,no,,no,taxable,,,,,,,'-1,'-1,,,,,http://205.134.254.135/~teamh/apparel_direct/product/product-2/,,,,,,,,,0,,Green,S,,,,,,,,,,,,
"Product 2 - Green, XXL",product-2-xxl-green,26,38,"Color: Green, Size: XXL",,publish,,75,"2021-06-15 14:16:36",1,closed,,HK25674,,,no,no,0,15,,,,,,parent,instock,no,no,,no,taxable,,,,,,,'-1,'-1,,,,,http://205.134.254.135/~teamh/apparel_direct/product/product-2/,,,,,,,,,0,,Green,XXL,,,,,,,,,,,,
"Product 3",product-3,,147,,,publish,,0,"2021-06-22 05:32:27",1,open,,,,,no,no,194,7,,,,,,,instock,no,no,,yes,taxable,,,,,,,'-1,'-1,,,"http://205.134.254.135/~teamh/apparel_direct/wp-content/uploads/2021/06/rec1.jpg ! alt :  ! title : rec1 ! desc :  ! caption : ",,http://205.134.254.135/~teamh/apparel_direct/product/product-3/,"Champion|Hanes|Hanes Hosiery|Maidenform|Playtex",,variable,,"Clothing &amp; Accessories > Baby > Baby Boys|Clothing &amp; Accessories > Baby > Baby Boys > Footies &amp; Rompers > Footies|Clothing &amp; Accessories > Women > Socks &amp; Hosiery > Hosiery|Clothing &amp; Accessories > Women > Plus > Socks &amp; Hosiery > Hosiery|Women > Bottoms > Leggings",,,,3,"{""columns"":""pa_size"",""rows"":""pa_color""}",,,,,,,,,Black|Blue|Green|Red|White,0|1|1,,L|M|S|XL|XXL,1|1|1,
"Product 3 - Black, L",product-2-l-black-2,147,148,"Color: Black, Size: L",,publish,,1,"2021-06-22 05:32:27",1,closed,,,,,no,no,0,8,7,,,,,parent,instock,no,no,,no,taxable,,,,,,,'-1,'-1,,,,,http://205.134.254.135/~teamh/apparel_direct/product/product-3/,,,,,,,,,0,,Black,L,,,,,,,,,,,,
"Product 3 - Black, M",product-2-m-black-2,147,149,"Color: Black, Size: M",,publish,,2,"2021-06-22 05:32:27",1,closed,,,,,no,no,0,8,,,,,,parent,instock,no,no,,no,taxable,,,,,,,'-1,'-1,,,,,http://205.134.254.135/~teamh/apparel_direct/product/product-3/,,,,,,,,,0,,Black,M,,,,,,,,,,,,
"Product 3 - Black, S",product-2-s-black-2,147,150,"Color: Black, Size: S",,publish,,3,"2021-06-22 05:32:27",1,closed,,,,,no,no,0,11,,,,,,parent,instock,no,no,,no,taxable,,,,,,,'-1,'-1,,,,,http://205.134.254.135/~teamh/apparel_direct/product/product-3/,,,,,,,,,0,,Black,S,,,,,,,,,,,,
"Product 3 - Black, XL",product-2-xl-black-2,147,151,"Color: Black, Size: XL",,publish,,4,"2021-06-22 05:32:27",1,closed,,,,,no,no,0,9,,,,,,parent,instock,no,no,,no,taxable,,,,,,,'-1,'-1,,,,,http://205.134.254.135/~teamh/apparel_direct/product/product-3/,,,,,,,,,0,,Black,XL,,,,,,,,,,,,
"Product 3 - Black, XXL",product-2-xxl-black-2,147,152,"Color: Black, Size: XXL",,publish,,5,"2021-06-22 05:32:27",1,closed,,,,,no,no,0,10,,,,,,parent,instock,no,no,,no,taxable,,,,,,,'-1,'-1,,,,,http://205.134.254.135/~teamh/apparel_direct/product/product-3/,,,,,,,,,0,,Black,XXL,,,,,,,,,,,,
"Product 3 - Blue, M",product-2-m-blue-2,147,153,"Color: Blue, Size: M",,publish,,6,"2021-06-22 05:32:27",1,closed,,,,,no,no,0,9,,,,,,parent,instock,no,no,,no,taxable,,,,,,,'-1,'-1,,,,,http://205.134.254.135/~teamh/apparel_direct/product/product-3/,,,,,,,,,0,,Blue,M,,,,,,,,,,,,
"Product 3 - Blue, XL",product-2-xl-blue-2,147,154,"Color: Blue, Size: XL",,publish,,7,"2021-06-22 05:32:27",1,closed,,,,,no,no,0,10,,,,,,parent,instock,no,no,,no,taxable,,,,,,,'-1,'-1,,,,,http://205.134.254.135/~teamh/apparel_direct/product/product-3/,,,,,,,,,0,,Blue,XL,,,,,,,,,,,,
"Product 3 - Green, M",product-2-m-green-2,147,155,"Color: Green, Size: M",,publish,,8,"2021-06-22 05:32:27",1,closed,,,,,no,no,0,8,,,,,,parent,instock,no,no,,no,taxable,,,,,,,'-1,'-1,,,,,http://205.134.254.135/~teamh/apparel_direct/product/product-3/,,,,,,,,,0,,Green,M,,,,,,,,,,,,
"Product 3 - Green, XL",product-2-xl-green-2,147,156,"Color: Green, Size: XL",,publish,,9,"2021-06-22 05:32:27",1,closed,,,,,no,no,0,9,,,,,,parent,instock,no,no,,no,taxable,,,,,,,'-1,'-1,,,,,http://205.134.254.135/~teamh/apparel_direct/product/product-3/,,,,,,,,,0,,Green,XL,,,,,,,,,,,,
"Product 3 - Red, L",product-2-l-red-2,147,157,"Color: Red, Size: L",,publish,,10,"2021-06-22 05:32:27",1,closed,,,,,no,no,0,11,,,,,,parent,instock,no,no,,no,taxable,,,,,,,'-1,'-1,,,,,http://205.134.254.135/~teamh/apparel_direct/product/product-3/,,,,,,,,,0,,Red,L,,,,,,,,,,,,
"Product 3 - Red, M",product-2-m-red-2,147,158,"Color: Red, Size: M",,publish,,11,"2021-06-22 05:32:27",1,closed,,,,,no,no,0,12,,,,,,parent,instock,no,no,,no,taxable,,,,,,,'-1,'-1,,,,,http://205.134.254.135/~teamh/apparel_direct/product/product-3/,,,,,,,,,0,,Red,M,,,,,,,,,,,,
"Product 3 - Red, S",product-2-s-red-2,147,159,"Color: Red, Size: S",,publish,,12,"2021-06-22 05:32:27",1,closed,,,,,no,no,0,13,,,,,,parent,instock,no,no,,no,taxable,,,,,,,'-1,'-1,,,,,http://205.134.254.135/~teamh/apparel_direct/product/product-3/,,,,,,,,,0,,Red,S,,,,,,,,,,,,
"Product 3 - Red, XL",product-2-xl-red-2,147,160,"Color: Red, Size: XL",,publish,,13,"2021-06-22 05:32:27",1,closed,,,,,no,no,0,14,,,,,,parent,instock,no,no,,no,taxable,,,,,,,'-1,'-1,,,,,http://205.134.254.135/~teamh/apparel_direct/product/product-3/,,,,,,,,,0,,Red,XL,,,,,,,,,,,,
"Product 3 - Red, XXL",product-2-xxl-red-2,147,161,"Color: Red, Size: XXL",,publish,,14,"2021-06-22 05:32:27",1,closed,,,,,no,no,0,15,,,,,,parent,instock,no,no,,no,taxable,,,,,,,'-1,'-1,,,,,http://205.134.254.135/~teamh/apparel_direct/product/product-3/,,,,,,,,,0,,Red,XXL,,,,,,,,,,,,
"Product 3 - White, L",product-2-l-white-2,147,162,"Color: White, Size: L",,publish,,15,"2021-06-22 05:32:27",1,closed,,,,,no,no,0,10,,,,,,parent,instock,no,no,,no,taxable,,,,,,,'-1,'-1,,,,,http://205.134.254.135/~teamh/apparel_direct/product/product-3/,,,,,,,,,0,,White,L,,,,,,,,,,,,
"Product 3 - White, M",product-2-m-white-2,147,163,"Color: White, Size: M",,publish,,16,"2021-06-22 05:32:27",1,closed,,,,,no,no,0,12,,,,,,parent,instock,no,no,,no,taxable,,,,,,,'-1,'-1,,,,,http://205.134.254.135/~teamh/apparel_direct/product/product-3/,,,,,,,,,0,,White,M,,,,,,,,,,,,
"Product 3 - White, S",product-2-s-white-2,147,164,"Color: White, Size: S",,publish,,17,"2021-06-22 05:32:27",1,closed,,,,,no,no,0,13,,,,,,parent,instock,no,no,,no,taxable,,,,,,,'-1,'-1,,,,,http://205.134.254.135/~teamh/apparel_direct/product/product-3/,,,,,,,,,0,,White,S,,,,,,,,,,,,
"Product 3 - White, XL",product-2-xl-white-2,147,165,"Color: White, Size: XL",,publish,,18,"2021-06-22 05:32:27",1,closed,,,,,no,no,0,14,,,,,,parent,instock,no,no,,no,taxable,,,,,,,'-1,'-1,,,,,http://205.134.254.135/~teamh/apparel_direct/product/product-3/,,,,,,,,,0,,White,XL,,,,,,,,,,,,
"Product 3 - White, XXL",product-2-xxl-white-2,147,166,"Color: White, Size: XXL",,publish,,19,"2021-06-22 05:32:27",1,closed,,,,,no,no,0,15,,,,,,parent,instock,no,no,,no,taxable,,,,,,,'-1,'-1,,,,,http://205.134.254.135/~teamh/apparel_direct/product/product-3/,,,,,,,,,0,,White,XXL,,,,,,,,,,,,
"Product 3 - Blue, L",product-2-l-blue-2,147,167,"Color: Blue, Size: L",,publish,,20,"2021-06-22 05:32:27",1,closed,,,,,no,no,0,10,,,,,,parent,instock,no,no,,no,taxable,,,,,,,'-1,'-1,,,,,http://205.134.254.135/~teamh/apparel_direct/product/product-3/,,,,,,,,,0,,Blue,L,,,,,,,,,,,,
"Product 3 - Blue, S",product-2-s-blue-2,147,168,"Color: Blue, Size: S",,publish,,21,"2021-06-22 05:32:27",1,closed,,,,,no,no,0,11,,,,,,parent,instock,no,no,,no,taxable,,,,,,,'-1,'-1,,,,,http://205.134.254.135/~teamh/apparel_direct/product/product-3/,,,,,,,,,0,,Blue,S,,,,,,,,,,,,
"Product 3 - Blue, XXL",product-2-xxl-blue-2,147,169,"Color: Blue, Size: XXL",,publish,,22,"2021-06-22 05:32:27",1,closed,,,,,no,no,0,12,,,,,,parent,instock,no,no,,no,taxable,,,,,,,'-1,'-1,,,,,http://205.134.254.135/~teamh/apparel_direct/product/product-3/,,,,,,,,,0,,Blue,XXL,,,,,,,,,,,,
"Product 3 - Green, L",product-2-l-green-2,147,170,"Color: Green, Size: L",,publish,,23,"2021-06-22 05:32:27",1,closed,,,,,no,no,0,13,,,,,,parent,instock,no,no,,no,taxable,,,,,,,'-1,'-1,,,,,http://205.134.254.135/~teamh/apparel_direct/product/product-3/,,,,,,,,,0,,Green,L,,,,,,,,,,,,
"Product 3 - Green, S",product-2-s-green-2,147,171,"Color: Green, Size: S",,publish,,24,"2021-06-22 05:32:27",1,closed,,,,,no,no,0,14,,,,,,parent,instock,no,no,,no,taxable,,,,,,,'-1,'-1,,,,,http://205.134.254.135/~teamh/apparel_direct/product/product-3/,,,,,,,,,0,,Green,S,,,,,,,,,,,,
"Product 3 - Green, XXL",product-2-xxl-green-2,147,172,"Color: Green, Size: XXL",,publish,,25,"2021-06-22 05:32:27",1,closed,,,,,no,no,0,15,,,,,,parent,instock,no,no,,no,taxable,,,,,,,'-1,'-1,,,,,http://205.134.254.135/~teamh/apparel_direct/product/product-3/,,,,,,,,,0,,Green,XXL,,,,,,,,,,,,
"Product 4",product-4,,174,,,publish,,0,"2021-06-22 05:33:22",1,open,,,,,no,no,197,7,,,,,,,instock,no,no,,yes,taxable,,,,,,,'-1,'-1,,,"http://205.134.254.135/~teamh/apparel_direct/wp-content/uploads/2021/06/rec2.jpg ! alt :  ! title : rec2 ! desc :  ! caption : ",,http://205.134.254.135/~teamh/apparel_direct/product/product-4/,Bali|Champion|Hanes|Maidenform|Playtex,,variable,,"Clothing &amp; Accessories > Boys > Socks > Athletic Socks|Clothing &amp; Accessories > Baby > Baby Boys|Clothing &amp; Accessories > Baby > Baby Boys > Footies &amp; Rompers > Footies|Clothing &amp; Accessories > Women > Socks &amp; Hosiery > Hosiery|Clothing &amp; Accessories > Women > Plus > Socks &amp; Hosiery > Hosiery",,,,0,"{""columns"":""pa_size"",""rows"":""pa_color""}",,,,,,,,,Black|Blue|Green|Red|White,0|1|1,,L|M|S|XL|XXL,1|1|1,
"Product 4 - Black, L",product-2-l-black-3,174,175,"Color: Black, Size: L",,publish,,1,"2021-06-22 05:33:22",1,closed,,,,,no,no,0,8,7,,,,,parent,instock,no,no,,no,taxable,,,,,,,'-1,'-1,,,,,http://205.134.254.135/~teamh/apparel_direct/product/product-4/,,,,,,,,,0,,Black,L,,,,,,,,,,,,
"Product 4 - Black, M",product-2-m-black-3,174,176,"Color: Black, Size: M",,publish,,2,"2021-06-22 05:33:22",1,closed,,,,,no,no,0,8,,,,,,parent,instock,no,no,,no,taxable,,,,,,,'-1,'-1,,,,,http://205.134.254.135/~teamh/apparel_direct/product/product-4/,,,,,,,,,0,,Black,M,,,,,,,,,,,,
"Product 4 - Black, S",product-2-s-black-3,174,177,"Color: Black, Size: S",,publish,,3,"2021-06-22 05:33:22",1,closed,,,,,no,no,0,11,,,,,,parent,instock,no,no,,no,taxable,,,,,,,'-1,'-1,,,,,http://205.134.254.135/~teamh/apparel_direct/product/product-4/,,,,,,,,,0,,Black,S,,,,,,,,,,,,
"Product 4 - Black, XL",product-2-xl-black-3,174,178,"Color: Black, Size: XL",,publish,,4,"2021-06-22 05:33:22",1,closed,,,,,no,no,0,9,,,,,,parent,instock,no,no,,no,taxable,,,,,,,'-1,'-1,,,,,http://205.134.254.135/~teamh/apparel_direct/product/product-4/,,,,,,,,,0,,Black,XL,,,,,,,,,,,,
"Product 4 - Black, XXL",product-2-xxl-black-3,174,179,"Color: Black, Size: XXL",,publish,,5,"2021-06-22 05:33:22",1,closed,,,,,no,no,0,10,,,,,,parent,instock,no,no,,no,taxable,,,,,,,'-1,'-1,,,,,http://205.134.254.135/~teamh/apparel_direct/product/product-4/,,,,,,,,,0,,Black,XXL,,,,,,,,,,,,
"Product 4 - Blue, M",product-2-m-blue-3,174,180,"Color: Blue, Size: M",,publish,,6,"2021-06-22 05:33:22",1,closed,,,,,no,no,0,9,,,,,,parent,instock,no,no,,no,taxable,,,,,,,'-1,'-1,,,,,http://205.134.254.135/~teamh/apparel_direct/product/product-4/,,,,,,,,,0,,Blue,M,,,,,,,,,,,,
"Product 4 - Blue, XL",product-2-xl-blue-3,174,181,"Color: Blue, Size: XL",,publish,,7,"2021-06-22 05:33:22",1,closed,,,,,no,no,0,10,,,,,,parent,instock,no,no,,no,taxable,,,,,,,'-1,'-1,,,,,http://205.134.254.135/~teamh/apparel_direct/product/product-4/,,,,,,,,,0,,Blue,XL,,,,,,,,,,,,
"Product 4 - Green, M",product-2-m-green-3,174,182,"Color: Green, Size: M",,publish,,8,"2021-06-22 05:33:22",1,closed,,,,,no,no,0,8,,,,,,parent,instock,no,no,,no,taxable,,,,,,,'-1,'-1,,,,,http://205.134.254.135/~teamh/apparel_direct/product/product-4/,,,,,,,,,0,,Green,M,,,,,,,,,,,,
"Product 4 - Green, XL",product-2-xl-green-3,174,183,"Color: Green, Size: XL",,publish,,9,"2021-06-22 05:33:22",1,closed,,,,,no,no,0,9,,,,,,parent,instock,no,no,,no,taxable,,,,,,,'-1,'-1,,,,,http://205.134.254.135/~teamh/apparel_direct/product/product-4/,,,,,,,,,0,,Green,XL,,,,,,,,,,,,
"Product 4 - Red, L",product-2-l-red-3,174,184,"Color: Red, Size: L",,publish,,10,"2021-06-22 05:33:22",1,closed,,,,,no,no,0,11,,,,,,parent,instock,no,no,,no,taxable,,,,,,,'-1,'-1,,,,,http://205.134.254.135/~teamh/apparel_direct/product/product-4/,,,,,,,,,0,,Red,L,,,,,,,,,,,,
"Product 4 - Red, M",product-2-m-red-3,174,185,"Color: Red, Size: M",,publish,,11,"2021-06-22 05:33:22",1,closed,,,,,no,no,0,12,,,,,,parent,instock,no,no,,no,taxable,,,,,,,'-1,'-1,,,,,http://205.134.254.135/~teamh/apparel_direct/product/product-4/,,,,,,,,,0,,Red,M,,,,,,,,,,,,
"Product 4 - Red, S",product-2-s-red-3,174,186,"Color: Red, Size: S",,publish,,12,"2021-06-22 05:33:22",1,closed,,,,,no,no,0,13,,,,,,parent,instock,no,no,,no,taxable,,,,,,,'-1,'-1,,,,,http://205.134.254.135/~teamh/apparel_direct/product/product-4/,,,,,,,,,0,,Red,S,,,,,,,,,,,,
"Product 4 - Red, XL",product-2-xl-red-3,174,187,"Color: Red, Size: XL",,publish,,13,"2021-06-22 05:33:22",1,closed,,,,,no,no,0,14,,,,,,parent,instock,no,no,,no,taxable,,,,,,,'-1,'-1,,,,,http://205.134.254.135/~teamh/apparel_direct/product/product-4/,,,,,,,,,0,,Red,XL,,,,,,,,,,,,
"Product 4 - Red, XXL",product-2-xxl-red-3,174,188,"Color: Red, Size: XXL",,publish,,14,"2021-06-22 05:33:22",1,closed,,,,,no,no,0,15,,,,,,parent,instock,no,no,,no,taxable,,,,,,,'-1,'-1,,,,,http://205.134.254.135/~teamh/apparel_direct/product/product-4/,,,,,,,,,0,,Red,XXL,,,,,,,,,,,,
"Product 4 - White, L",product-2-l-white-3,174,189,"Color: White, Size: L",,publish,,15,"2021-06-22 05:33:22",1,closed,,,,,no,no,0,10,,,,,,parent,instock,no,no,,no,taxable,,,,,,,'-1,'-1,,,,,http://205.134.254.135/~teamh/apparel_direct/product/product-4/,,,,,,,,,0,,White,L,,,,,,,,,,,,
"Product 4 - White, M",product-2-m-white-3,174,190,"Color: White, Size: M",,publish,,16,"2021-06-22 05:33:22",1,closed,,,,,no,no,0,12,,,,,,parent,instock,no,no,,no,taxable,,,,,,,'-1,'-1,,,,,http://205.134.254.135/~teamh/apparel_direct/product/product-4/,,,,,,,,,0,,White,M,,,,,,,,,,,,
"Product 4 - White, S",product-2-s-white-3,174,191,"Color: White, Size: S",,publish,,17,"2021-06-22 05:33:22",1,closed,,,,,no,no,0,13,,,,,,parent,instock,no,no,,no,taxable,,,,,,,'-1,'-1,,,,,http://205.134.254.135/~teamh/apparel_direct/product/product-4/,,,,,,,,,0,,White,S,,,,,,,,,,,,
"Product 4 - White, XL",product-2-xl-white-3,174,192,"Color: White, Size: XL",,publish,,18,"2021-06-22 05:33:22",1,closed,,,,,no,no,0,14,,,,,,parent,instock,no,no,,no,taxable,,,,,,,'-1,'-1,,,,,http://205.134.254.135/~teamh/apparel_direct/product/product-4/,,,,,,,,,0,,White,XL,,,,,,,,,,,,
"Product 4 - White, XXL",product-2-xxl-white-3,174,193,"Color: White, Size: XXL",,publish,,19,"2021-06-22 05:33:22",1,closed,,,,,no,no,0,15,,,,,,parent,instock,no,no,,no,taxable,,,,,,,'-1,'-1,,,,,http://205.134.254.135/~teamh/apparel_direct/product/product-4/,,,,,,,,,0,,White,XXL,,,,,,,,,,,,
"Product 4 - Blue, L",product-2-l-blue-3,174,194,"Color: Blue, Size: L",,publish,,20,"2021-06-22 05:33:22",1,closed,,,,,no,no,0,10,,,,,,parent,instock,no,no,,no,taxable,,,,,,,'-1,'-1,,,,,http://205.134.254.135/~teamh/apparel_direct/product/product-4/,,,,,,,,,0,,Blue,L,,,,,,,,,,,,
"Product 4 - Blue, S",product-2-s-blue-3,174,195,"Color: Blue, Size: S",,publish,,21,"2021-06-22 05:33:22",1,closed,,,,,no,no,0,11,,,,,,parent,instock,no,no,,no,taxable,,,,,,,'-1,'-1,,,,,http://205.134.254.135/~teamh/apparel_direct/product/product-4/,,,,,,,,,0,,Blue,S,,,,,,,,,,,,
"Product 4 - Blue, XXL",product-2-xxl-blue-3,174,196,"Color: Blue, Size: XXL",,publish,,22,"2021-06-22 05:33:22",1,closed,,,,,no,no,0,12,,,,,,parent,instock,no,no,,no,taxable,,,,,,,'-1,'-1,,,,,http://205.134.254.135/~teamh/apparel_direct/product/product-4/,,,,,,,,,0,,Blue,XXL,,,,,,,,,,,,
"Product 4 - Green, L",product-2-l-green-3,174,197,"Color: Green, Size: L",,publish,,23,"2021-06-22 05:33:22",1,closed,,,,,no,no,0,13,,,,,,parent,instock,no,no,,no,taxable,,,,,,,'-1,'-1,,,,,http://205.134.254.135/~teamh/apparel_direct/product/product-4/,,,,,,,,,0,,Green,L,,,,,,,,,,,,
"Product 4 - Green, S",product-2-s-green-3,174,198,"Color: Green, Size: S",,publish,,24,"2021-06-22 05:33:22",1,closed,,,,,no,no,0,14,,,,,,parent,instock,no,no,,no,taxable,,,,,,,'-1,'-1,,,,,http://205.134.254.135/~teamh/apparel_direct/product/product-4/,,,,,,,,,0,,Green,S,,,,,,,,,,,,
"Product 4 - Green, XXL",product-2-xxl-green-3,174,199,"Color: Green, Size: XXL",,publish,,25,"2021-06-22 05:33:22",1,closed,,,,,no,no,0,15,,,,,,parent,instock,no,no,,no,taxable,,,,,,,'-1,'-1,,,,,http://205.134.254.135/~teamh/apparel_direct/product/product-4/,,,,,,,,,0,,Green,XXL,,,,,,,,,,,,
"Product 5",product-5,,212,,,publish,,0,"2021-06-22 06:40:50",1,open,,,,,no,no,196,7,,,,,,,instock,no,no,,yes,taxable,,,,,,,'-1,'-1,,,"http://205.134.254.135/~teamh/apparel_direct/wp-content/uploads/2021/06/rec2.jpg ! alt :  ! title : rec2 ! desc :  ! caption : ",,http://205.134.254.135/~teamh/apparel_direct/product/product-5/,"Champion|Custom Maid|Gemsli|Hanes|Maidenform|Peridot|Playtex",,variable,,"Clothing &amp; Accessories > Boys > Socks > Athletic Socks|Clothing &amp; Accessories > Baby > Baby Boys|Clothing &amp; Accessories > Women > Socks &amp; Hosiery > Hosiery|Clothing &amp; Accessories > Women > Plus > Socks &amp; Hosiery > Hosiery|Clothing &amp; Accessories > Men > Socks",,,,1,"{""columns"":""pa_size"",""rows"":""pa_color""}",,,,,,,,,Black|Blue|Green|Red|White,0|1|1,,L|M|S|XL|XXL,1|1|1,
"Product 5 - Black, L",product-2-l-black-4,212,213,"Color: Black, Size: L",,publish,,1,"2021-06-22 06:40:50",1,closed,,,,,no,no,0,8,7,,,,,parent,instock,no,no,,no,taxable,,,,,,,'-1,'-1,,,,,http://205.134.254.135/~teamh/apparel_direct/product/product-5/,,,,,,,,,0,,Black,L,,,,,,,,,,,,
"Product 5 - Black, M",product-2-m-black-4,212,214,"Color: Black, Size: M",,publish,,2,"2021-06-22 06:40:50",1,closed,,,,,no,no,0,8,,,,,,parent,instock,no,no,,no,taxable,,,,,,,'-1,'-1,,,,,http://205.134.254.135/~teamh/apparel_direct/product/product-5/,,,,,,,,,0,,Black,M,,,,,,,,,,,,
"Product 5 - Black, S",product-2-s-black-4,212,215,"Color: Black, Size: S",,publish,,3,"2021-06-22 06:40:50",1,closed,,,,,no,no,0,11,,,,,,parent,instock,no,no,,no,taxable,,,,,,,'-1,'-1,,,,,http://205.134.254.135/~teamh/apparel_direct/product/product-5/,,,,,,,,,0,,Black,S,,,,,,,,,,,,
"Product 5 - Black, XL",product-2-xl-black-4,212,216,"Color: Black, Size: XL",,publish,,4,"2021-06-22 06:40:50",1,closed,,,,,no,no,0,9,,,,,,parent,instock,no,no,,no,taxable,,,,,,,'-1,'-1,,,,,http://205.134.254.135/~teamh/apparel_direct/product/product-5/,,,,,,,,,0,,Black,XL,,,,,,,,,,,,
"Product 5 - Black, XXL",product-2-xxl-black-4,212,217,"Color: Black, Size: XXL",,publish,,5,"2021-06-22 06:40:50",1,closed,,,,,no,no,0,10,,,,,,parent,instock,no,no,,no,taxable,,,,,,,'-1,'-1,,,,,http://205.134.254.135/~teamh/apparel_direct/product/product-5/,,,,,,,,,0,,Black,XXL,,,,,,,,,,,,
"Product 5 - Blue, M",product-2-m-blue-4,212,218,"Color: Blue, Size: M",,publish,,6,"2021-06-22 06:40:50",1,closed,,,,,no,no,0,9,,,,,,parent,instock,no,no,,no,taxable,,,,,,,'-1,'-1,,,,,http://205.134.254.135/~teamh/apparel_direct/product/product-5/,,,,,,,,,0,,Blue,M,,,,,,,,,,,,
"Product 5 - Blue, XL",product-2-xl-blue-4,212,219,"Color: Blue, Size: XL",,publish,,7,"2021-06-22 06:40:50",1,closed,,,,,no,no,0,10,,,,,,parent,instock,no,no,,no,taxable,,,,,,,'-1,'-1,,,,,http://205.134.254.135/~teamh/apparel_direct/product/product-5/,,,,,,,,,0,,Blue,XL,,,,,,,,,,,,
"Product 5 - Green, M",product-2-m-green-4,212,220,"Color: Green, Size: M",,publish,,8,"2021-06-22 06:40:50",1,closed,,,,,no,no,0,8,,,,,,parent,instock,no,no,,no,taxable,,,,,,,'-1,'-1,,,,,http://205.134.254.135/~teamh/apparel_direct/product/product-5/,,,,,,,,,0,,Green,M,,,,,,,,,,,,
"Product 5 - Green, XL",product-2-xl-green-4,212,221,"Color: Green, Size: XL",,publish,,9,"2021-06-22 06:40:50",1,closed,,,,,no,no,0,9,,,,,,parent,instock,no,no,,no,taxable,,,,,,,'-1,'-1,,,,,http://205.134.254.135/~teamh/apparel_direct/product/product-5/,,,,,,,,,0,,Green,XL,,,,,,,,,,,,
"Product 5 - Red, L",product-2-l-red-4,212,222,"Color: Red, Size: L",,publish,,10,"2021-06-22 06:40:50",1,closed,,,,,no,no,0,11,,,,,,parent,instock,no,no,,no,taxable,,,,,,,'-1,'-1,,,,,http://205.134.254.135/~teamh/apparel_direct/product/product-5/,,,,,,,,,0,,Red,L,,,,,,,,,,,,
"Product 5 - Red, M",product-2-m-red-4,212,223,"Color: Red, Size: M",,publish,,11,"2021-06-22 06:40:50",1,closed,,,,,no,no,0,12,,,,,,parent,instock,no,no,,no,taxable,,,,,,,'-1,'-1,,,,,http://205.134.254.135/~teamh/apparel_direct/product/product-5/,,,,,,,,,0,,Red,M,,,,,,,,,,,,
"Product 5 - Red, S",product-2-s-red-4,212,224,"Color: Red, Size: S",,publish,,12,"2021-06-22 06:40:50",1,closed,,,,,no,no,0,13,,,,,,parent,instock,no,no,,no,taxable,,,,,,,'-1,'-1,,,,,http://205.134.254.135/~teamh/apparel_direct/product/product-5/,,,,,,,,,0,,Red,S,,,,,,,,,,,,
"Product 5 - Red, XL",product-2-xl-red-4,212,225,"Color: Red, Size: XL",,publish,,13,"2021-06-22 06:40:51",1,closed,,,,,no,no,0,14,,,,,,parent,instock,no,no,,no,taxable,,,,,,,'-1,'-1,,,,,http://205.134.254.135/~teamh/apparel_direct/product/product-5/,,,,,,,,,0,,Red,XL,,,,,,,,,,,,
"Product 5 - Red, XXL",product-2-xxl-red-4,212,226,"Color: Red, Size: XXL",,publish,,14,"2021-06-22 06:40:51",1,closed,,,,,no,no,0,15,,,,,,parent,instock,no,no,,no,taxable,,,,,,,'-1,'-1,,,,,http://205.134.254.135/~teamh/apparel_direct/product/product-5/,,,,,,,,,0,,Red,XXL,,,,,,,,,,,,
"Product 5 - White, L",product-2-l-white-4,212,227,"Color: White, Size: L",,publish,,15,"2021-06-22 06:40:51",1,closed,,,,,no,no,0,10,,,,,,parent,instock,no,no,,no,taxable,,,,,,,'-1,'-1,,,,,http://205.134.254.135/~teamh/apparel_direct/product/product-5/,,,,,,,,,0,,White,L,,,,,,,,,,,,
"Product 5 - White, M",product-2-m-white-4,212,228,"Color: White, Size: M",,publish,,16,"2021-06-22 06:40:51",1,closed,,,,,no,no,0,12,,,,,,parent,instock,no,no,,no,taxable,,,,,,,'-1,'-1,,,,,http://205.134.254.135/~teamh/apparel_direct/product/product-5/,,,,,,,,,0,,White,M,,,,,,,,,,,,
"Product 5 - White, S",product-2-s-white-4,212,229,"Color: White, Size: S",,publish,,17,"2021-06-22 06:40:51",1,closed,,,,,no,no,0,13,,,,,,parent,instock,no,no,,no,taxable,,,,,,,'-1,'-1,,,,,http://205.134.254.135/~teamh/apparel_direct/product/product-5/,,,,,,,,,0,,White,S,,,,,,,,,,,,
"Product 5 - White, XL",product-2-xl-white-4,212,230,"Color: White, Size: XL",,publish,,18,"2021-06-22 06:40:51",1,closed,,,,,no,no,0,14,,,,,,parent,instock,no,no,,no,taxable,,,,,,,'-1,'-1,,,,,http://205.134.254.135/~teamh/apparel_direct/product/product-5/,,,,,,,,,0,,White,XL,,,,,,,,,,,,
"Product 5 - White, XXL",product-2-xxl-white-4,212,231,"Color: White, Size: XXL",,publish,,19,"2021-06-22 06:40:51",1,closed,,,,,no,no,0,15,,,,,,parent,instock,no,no,,no,taxable,,,,,,,'-1,'-1,,,,,http://205.134.254.135/~teamh/apparel_direct/product/product-5/,,,,,,,,,0,,White,XXL,,,,,,,,,,,,
"Product 5 - Blue, L",product-2-l-blue-4,212,232,"Color: Blue, Size: L",,publish,,20,"2021-06-22 06:40:51",1,closed,,,,,no,no,0,10,,,,,,parent,instock,no,no,,no,taxable,,,,,,,'-1,'-1,,,,,http://205.134.254.135/~teamh/apparel_direct/product/product-5/,,,,,,,,,0,,Blue,L,,,,,,,,,,,,
"Product 5 - Blue, S",product-2-s-blue-4,212,233,"Color: Blue, Size: S",,publish,,21,"2021-06-22 06:40:51",1,closed,,,,,no,no,0,11,,,,,,parent,instock,no,no,,no,taxable,,,,,,,'-1,'-1,,,,,http://205.134.254.135/~teamh/apparel_direct/product/product-5/,,,,,,,,,0,,Blue,S,,,,,,,,,,,,
"Product 5 - Blue, XXL",product-2-xxl-blue-4,212,234,"Color: Blue, Size: XXL",,publish,,22,"2021-06-22 06:40:51",1,closed,,,,,no,no,0,12,,,,,,parent,instock,no,no,,no,taxable,,,,,,,'-1,'-1,,,,,http://205.134.254.135/~teamh/apparel_direct/product/product-5/,,,,,,,,,0,,Blue,XXL,,,,,,,,,,,,
"Product 5 - Green, L",product-2-l-green-4,212,235,"Color: Green, Size: L",,publish,,23,"2021-06-22 06:40:51",1,closed,,,,,no,no,0,13,,,,,,parent,instock,no,no,,no,taxable,,,,,,,'-1,'-1,,,,,http://205.134.254.135/~teamh/apparel_direct/product/product-5/,,,,,,,,,0,,Green,L,,,,,,,,,,,,
"Product 5 - Green, S",product-2-s-green-4,212,236,"Color: Green, Size: S",,publish,,24,"2021-06-22 06:40:51",1,closed,,,,,no,no,0,14,,,,,,parent,instock,no,no,,no,taxable,,,,,,,'-1,'-1,,,,,http://205.134.254.135/~teamh/apparel_direct/product/product-5/,,,,,,,,,0,,Green,S,,,,,,,,,,,,
"Product 5 - Green, XXL",product-2-xxl-green-4,212,237,"Color: Green, Size: XXL",,publish,,25,"2021-06-22 06:40:51",1,closed,,,,,no,no,0,15,,,,,,parent,instock,no,no,,no,taxable,,,,,,,'-1,'-1,,,,,http://205.134.254.135/~teamh/apparel_direct/product/product-5/,,,,,,,,,0,,Green,XXL,,,,,,,,,,,,
"Product 6",product-6,,238,,,publish,,0,"2021-06-22 06:41:22",1,open,,,,,no,no,196,7,,,,,,,instock,no,no,,yes,taxable,,,,,,,'-1,'-1,,,"http://205.134.254.135/~teamh/apparel_direct/wp-content/uploads/2021/06/rec1.jpg ! alt :  ! title : rec1 ! desc :  ! caption : ",,http://205.134.254.135/~teamh/apparel_direct/product/product-6/,"Bali|Champion|Fruit of the Loom|Hanes|Maidenform|Playtex",Men|Women,variable,,"Clothing &amp; Accessories > Baby > Baby Boys|Clothing &amp; Accessories > Women > Socks &amp; Hosiery > Hosiery|Clothing &amp; Accessories > Women > Plus > Socks &amp; Hosiery > Hosiery",,,,0,"{""columns"":""pa_size"",""rows"":""pa_color""}",,,,,,,,,Black|Blue|Green|Red|White,0|1|1,,L|M|S|XL|XXL,1|1|1,
"Product 6 - Black, L",product-2-l-black-5,238,239,"Color: Black, Size: L",,publish,,1,"2021-06-22 06:41:22",1,closed,,,,,no,no,0,8,7,,,,,parent,instock,no,no,,no,taxable,,,,,,,'-1,'-1,,,,,http://205.134.254.135/~teamh/apparel_direct/product/product-6/,,,,,,,,,0,,Black,L,,,,,,,,,,,,
"Product 6 - Black, M",product-2-m-black-5,238,240,"Color: Black, Size: M",,publish,,2,"2021-06-22 06:41:22",1,closed,,,,,no,no,0,8,,,,,,parent,instock,no,no,,no,taxable,,,,,,,'-1,'-1,,,,,http://205.134.254.135/~teamh/apparel_direct/product/product-6/,,,,,,,,,0,,Black,M,,,,,,,,,,,,
"Product 6 - Black, S",product-2-s-black-5,238,241,"Color: Black, Size: S",,publish,,3,"2021-06-22 06:41:22",1,closed,,,,,no,no,0,11,,,,,,parent,instock,no,no,,no,taxable,,,,,,,'-1,'-1,,,,,http://205.134.254.135/~teamh/apparel_direct/product/product-6/,,,,,,,,,0,,Black,S,,,,,,,,,,,,
"Product 6 - Black, XL",product-2-xl-black-5,238,242,"Color: Black, Size: XL",,publish,,4,"2021-06-22 06:41:22",1,closed,,,,,no,no,0,9,,,,,,parent,instock,no,no,,no,taxable,,,,,,,'-1,'-1,,,,,http://205.134.254.135/~teamh/apparel_direct/product/product-6/,,,,,,,,,0,,Black,XL,,,,,,,,,,,,
"Product 6 - Black, XXL",product-2-xxl-black-5,238,243,"Color: Black, Size: XXL",,publish,,5,"2021-06-22 06:41:22",1,closed,,,,,no,no,0,10,,,,,,parent,instock,no,no,,no,taxable,,,,,,,'-1,'-1,,,,,http://205.134.254.135/~teamh/apparel_direct/product/product-6/,,,,,,,,,0,,Black,XXL,,,,,,,,,,,,
"Product 6 - Blue, M",product-2-m-blue-5,238,244,"Color: Blue, Size: M",,publish,,6,"2021-06-22 06:41:22",1,closed,,,,,no,no,0,9,,,,,,parent,instock,no,no,,no,taxable,,,,,,,'-1,'-1,,,,,http://205.134.254.135/~teamh/apparel_direct/product/product-6/,,,,,,,,,0,,Blue,M,,,,,,,,,,,,
"Product 6 - Blue, XL",product-2-xl-blue-5,238,245,"Color: Blue, Size: XL",,publish,,7,"2021-06-22 06:41:22",1,closed,,,,,no,no,0,10,,,,,,parent,instock,no,no,,no,taxable,,,,,,,'-1,'-1,,,,,http://205.134.254.135/~teamh/apparel_direct/product/product-6/,,,,,,,,,0,,Blue,XL,,,,,,,,,,,,
"Product 6 - Green, M",product-2-m-green-5,238,246,"Color: Green, Size: M",,publish,,8,"2021-06-22 06:41:22",1,closed,,,,,no,no,0,8,,,,,,parent,instock,no,no,,no,taxable,,,,,,,'-1,'-1,,,,,http://205.134.254.135/~teamh/apparel_direct/product/product-6/,,,,,,,,,0,,Green,M,,,,,,,,,,,,
"Product 6 - Green, XL",product-2-xl-green-5,238,247,"Color: Green, Size: XL",,publish,,9,"2021-06-22 06:41:22",1,closed,,,,,no,no,0,9,,,,,,parent,instock,no,no,,no,taxable,,,,,,,'-1,'-1,,,,,http://205.134.254.135/~teamh/apparel_direct/product/product-6/,,,,,,,,,0,,Green,XL,,,,,,,,,,,,
"Product 6 - Red, L",product-2-l-red-5,238,248,"Color: Red, Size: L",,publish,,10,"2021-06-22 06:41:22",1,closed,,,,,no,no,0,11,,,,,,parent,instock,no,no,,no,taxable,,,,,,,'-1,'-1,,,,,http://205.134.254.135/~teamh/apparel_direct/product/product-6/,,,,,,,,,0,,Red,L,,,,,,,,,,,,
"Product 6 - Red, M",product-2-m-red-5,238,249,"Color: Red, Size: M",,publish,,11,"2021-06-22 06:41:22",1,closed,,,,,no,no,0,12,,,,,,parent,instock,no,no,,no,taxable,,,,,,,'-1,'-1,,,,,http://205.134.254.135/~teamh/apparel_direct/product/product-6/,,,,,,,,,0,,Red,M,,,,,,,,,,,,
"Product 6 - Red, S",product-2-s-red-5,238,250,"Color: Red, Size: S",,publish,,12,"2021-06-22 06:41:22",1,closed,,,,,no,no,0,13,,,,,,parent,instock,no,no,,no,taxable,,,,,,,'-1,'-1,,,,,http://205.134.254.135/~teamh/apparel_direct/product/product-6/,,,,,,,,,0,,Red,S,,,,,,,,,,,,
"Product 6 - Red, XL",product-2-xl-red-5,238,251,"Color: Red, Size: XL",,publish,,13,"2021-06-22 06:41:23",1,closed,,,,,no,no,0,14,,,,,,parent,instock,no,no,,no,taxable,,,,,,,'-1,'-1,,,,,http://205.134.254.135/~teamh/apparel_direct/product/product-6/,,,,,,,,,0,,Red,XL,,,,,,,,,,,,
"Product 6 - Red, XXL",product-2-xxl-red-5,238,252,"Color: Red, Size: XXL",,publish,,14,"2021-06-22 06:41:23",1,closed,,,,,no,no,0,15,,,,,,parent,instock,no,no,,no,taxable,,,,,,,'-1,'-1,,,,,http://205.134.254.135/~teamh/apparel_direct/product/product-6/,,,,,,,,,0,,Red,XXL,,,,,,,,,,,,
"Product 6 - White, L",product-2-l-white-5,238,253,"Color: White, Size: L",,publish,,15,"2021-06-22 06:41:23",1,closed,,,,,no,no,0,10,,,,,,parent,instock,no,no,,no,taxable,,,,,,,'-1,'-1,,,,,http://205.134.254.135/~teamh/apparel_direct/product/product-6/,,,,,,,,,0,,White,L,,,,,,,,,,,,
"Product 6 - White, M",product-2-m-white-5,238,254,"Color: White, Size: M",,publish,,16,"2021-06-22 06:41:23",1,closed,,,,,no,no,0,12,,,,,,parent,instock,no,no,,no,taxable,,,,,,,'-1,'-1,,,,,http://205.134.254.135/~teamh/apparel_direct/product/product-6/,,,,,,,,,0,,White,M,,,,,,,,,,,,
"Product 6 - White, S",product-2-s-white-5,238,255,"Color: White, Size: S",,publish,,17,"2021-06-22 06:41:23",1,closed,,,,,no,no,0,13,,,,,,parent,instock,no,no,,no,taxable,,,,,,,'-1,'-1,,,,,http://205.134.254.135/~teamh/apparel_direct/product/product-6/,,,,,,,,,0,,White,S,,,,,,,,,,,,
"Product 6 - White, XL",product-2-xl-white-5,238,256,"Color: White, Size: XL",,publish,,18,"2021-06-22 06:41:23",1,closed,,,,,no,no,0,14,,,,,,parent,instock,no,no,,no,taxable,,,,,,,'-1,'-1,,,,,http://205.134.254.135/~teamh/apparel_direct/product/product-6/,,,,,,,,,0,,White,XL,,,,,,,,,,,,
"Product 6 - White, XXL",product-2-xxl-white-5,238,257,"Color: White, Size: XXL",,publish,,19,"2021-06-22 06:41:23",1,closed,,,,,no,no,0,15,,,,,,parent,instock,no,no,,no,taxable,,,,,,,'-1,'-1,,,,,http://205.134.254.135/~teamh/apparel_direct/product/product-6/,,,,,,,,,0,,White,XXL,,,,,,,,,,,,
"Product 6 - Blue, L",product-2-l-blue-5,238,258,"Color: Blue, Size: L",,publish,,20,"2021-06-22 06:41:23",1,closed,,,,,no,no,0,10,,,,,,parent,instock,no,no,,no,taxable,,,,,,,'-1,'-1,,,,,http://205.134.254.135/~teamh/apparel_direct/product/product-6/,,,,,,,,,0,,Blue,L,,,,,,,,,,,,
"Product 6 - Blue, S",product-2-s-blue-5,238,259,"Color: Blue, Size: S",,publish,,21,"2021-06-22 06:41:23",1,closed,,,,,no,no,0,11,,,,,,parent,instock,no,no,,no,taxable,,,,,,,'-1,'-1,,,,,http://205.134.254.135/~teamh/apparel_direct/product/product-6/,,,,,,,,,0,,Blue,S,,,,,,,,,,,,
"Product 6 - Blue, XXL",product-2-xxl-blue-5,238,260,"Color: Blue, Size: XXL",,publish,,22,"2021-06-22 06:41:23",1,closed,,,,,no,no,0,12,,,,,,parent,instock,no,no,,no,taxable,,,,,,,'-1,'-1,,,,,http://205.134.254.135/~teamh/apparel_direct/product/product-6/,,,,,,,,,0,,Blue,XXL,,,,,,,,,,,,
"Product 6 - Green, L",product-2-l-green-5,238,261,"Color: Green, Size: L",,publish,,23,"2021-06-22 06:41:23",1,closed,,,,,no,no,0,13,,,,,,parent,instock,no,no,,no,taxable,,,,,,,'-1,'-1,,,,,http://205.134.254.135/~teamh/apparel_direct/product/product-6/,,,,,,,,,0,,Green,L,,,,,,,,,,,,
"Product 6 - Green, S",product-2-s-green-5,238,262,"Color: Green, Size: S",,publish,,24,"2021-06-22 06:41:23",1,closed,,,,,no,no,0,14,,,,,,parent,instock,no,no,,no,taxable,,,,,,,'-1,'-1,,,,,http://205.134.254.135/~teamh/apparel_direct/product/product-6/,,,,,,,,,0,,Green,S,,,,,,,,,,,,
"Product 6 - Green, XXL",product-2-xxl-green-5,238,263,"Color: Green, Size: XXL",,publish,,25,"2021-06-22 06:41:23",1,closed,,,,,no,no,0,15,,,,,,parent,instock,no,no,,no,taxable,,,,,,,'-1,'-1,,,,,http://205.134.254.135/~teamh/apparel_direct/product/product-6/,,,,,,,,,0,,Green,XXL,,,,,,,,,,,,
"Product 7",product-7,,264,,,publish,,0,"2021-06-22 06:41:58",1,open,,,,,no,no,178,7,,5,5,5,5,,instock,no,no,,yes,taxable,,,,,,,'-1,'-1,,,"http://205.134.254.135/~teamh/apparel_direct/wp-content/uploads/2021/06/rec3.jpg ! alt :  ! title : rec3 ! desc :  ! caption : ",,http://205.134.254.135/~teamh/apparel_direct/product/product-7/,Bali|JMS|Leggs,Kids|Women,variable,,"Clothing &amp; Accessories > Boys > Socks > Athletic Socks|Clothing &amp; Accessories > Baby > Baby Boys|Clothing &amp; Accessories > Women > Socks &amp; Hosiery > Hosiery|Clothing &amp; Accessories > Women > Plus > Socks &amp; Hosiery > Hosiery|Women > Tops",,,743,18,"{""columns"":""pa_size"",""rows"":""pa_color""}",,,,,,,,,Black|Blue|Green|Red|White,0|1|1,,L|M|S|XL|XXL,1|1|1,
"Product 7 - Black, L",product-2-l-black-6,264,265,"Color: Black, Size: L",,publish,,1,"2021-06-22 06:41:58",1,closed,,,,,no,no,0,8,7,5,,,,parent,instock,no,no,,no,taxable,,,,,,,'-1,'-1,,,,,http://205.134.254.135/~teamh/apparel_direct/product/product-7/,,,,,,,,,0,,Black,L,,,,,,,,,,,,
"Product 7 - Black, M",product-2-m-black-6,264,266,"Color: Black, Size: M",,publish,,2,"2021-06-22 06:41:58",1,closed,,,,,no,no,0,8,,,,,,parent,instock,no,no,,no,taxable,,,,,,,'-1,'-1,,,,,http://205.134.254.135/~teamh/apparel_direct/product/product-7/,,,,,,,,,0,,Black,M,,,,,,,,,,,,
"Product 7 - Black, S",product-2-s-black-6,264,267,"Color: Black, Size: S",,publish,,3,"2021-06-22 06:41:58",1,closed,,,,,no,no,0,11,,,,,,parent,instock,no,no,,no,taxable,,,,,,,'-1,'-1,,,,,http://205.134.254.135/~teamh/apparel_direct/product/product-7/,,,,,,,,,0,,Black,S,,,,,,,,,,,,
"Product 7 - Black, XL",product-2-xl-black-6,264,268,"Color: Black, Size: XL",,publish,,4,"2021-06-22 06:41:58",1,closed,,,,,no,no,0,9,,,,,,parent,instock,no,no,,no,taxable,,,,,,,'-1,'-1,,,,,http://205.134.254.135/~teamh/apparel_direct/product/product-7/,,,,,,,,,0,,Black,XL,,,,,,,,,,,,
"Product 7 - Black, XXL",product-2-xxl-black-6,264,269,"Color: Black, Size: XXL",,publish,,5,"2021-06-22 06:41:58",1,closed,,,,,no,no,0,10,,,,,,parent,instock,no,no,,no,taxable,,,,,,,'-1,'-1,,,,,http://205.134.254.135/~teamh/apparel_direct/product/product-7/,,,,,,,,,0,,Black,XXL,,,,,,,,,,,,
"Product 7 - Blue, M",product-2-m-blue-6,264,270,"Color: Blue, Size: M",,publish,,6,"2021-06-22 06:41:59",1,closed,,,,,no,no,0,9,,,,,,parent,instock,no,no,,no,taxable,,,,,,,'-1,'-1,,,,,http://205.134.254.135/~teamh/apparel_direct/product/product-7/,,,,,,,,,0,,Blue,M,,,,,,,,,,,,
"Product 7 - Blue, XL",product-2-xl-blue-6,264,271,"Color: Blue, Size: XL",,publish,,7,"2021-06-22 06:41:59",1,closed,,,,,no,no,0,10,,,,,,parent,instock,no,no,,no,taxable,,,,,,,'-1,'-1,,,,,http://205.134.254.135/~teamh/apparel_direct/product/product-7/,,,,,,,,,0,,Blue,XL,,,,,,,,,,,,
"Product 7 - Green, M",product-2-m-green-6,264,272,"Color: Green, Size: M",,publish,,8,"2021-06-22 06:41:59",1,closed,,,,,no,no,0,8,,,,,,parent,instock,no,no,,no,taxable,,,,,,,'-1,'-1,,,,,http://205.134.254.135/~teamh/apparel_direct/product/product-7/,,,,,,,,,0,,Green,M,,,,,,,,,,,,
"Product 7 - Green, XL",product-2-xl-green-6,264,273,"Color: Green, Size: XL",,publish,,9,"2021-06-22 06:41:59",1,closed,,,,,no,no,0,9,,,,,,parent,instock,no,no,,no,taxable,,,,,,,'-1,'-1,,,,,http://205.134.254.135/~teamh/apparel_direct/product/product-7/,,,,,,,,,0,,Green,XL,,,,,,,,,,,,
"Product 7 - Red, L",product-2-l-red-6,264,274,"Color: Red, Size: L",,publish,,10,"2021-06-22 06:41:59",1,closed,,,,,no,no,0,11,,,,,,parent,instock,no,no,,no,taxable,,,,,,,'-1,'-1,,,,,http://205.134.254.135/~teamh/apparel_direct/product/product-7/,,,,,,,,,0,,Red,L,,,,,,,,,,,,
"Product 7 - Red, M",product-2-m-red-6,264,275,"Color: Red, Size: M",,publish,,11,"2021-06-22 06:41:59",1,closed,,,,,no,no,0,12,,,,,,parent,instock,no,no,,no,taxable,,,,,,,'-1,'-1,,,,,http://205.134.254.135/~teamh/apparel_direct/product/product-7/,,,,,,,,,0,,Red,M,,,,,,,,,,,,
"Product 7 - Red, S",product-2-s-red-6,264,276,"Color: Red, Size: S",,publish,,12,"2021-06-22 06:41:59",1,closed,,,,,no,no,0,13,,,,,,parent,instock,no,no,,no,taxable,,,,,,,'-1,'-1,,,,,http://205.134.254.135/~teamh/apparel_direct/product/product-7/,,,,,,,,,0,,Red,S,,,,,,,,,,,,
"Product 7 - Red, XL",product-2-xl-red-6,264,277,"Color: Red, Size: XL",,publish,,13,"2021-06-22 06:41:59",1,closed,,,,,no,no,0,14,,,,,,parent,instock,no,no,,no,taxable,,,,,,,'-1,'-1,,,,,http://205.134.254.135/~teamh/apparel_direct/product/product-7/,,,,,,,,,0,,Red,XL,,,,,,,,,,,,
"Product 7 - Red, XXL",product-2-xxl-red-6,264,278,"Color: Red, Size: XXL",,publish,,14,"2021-06-22 06:41:59",1,closed,,,,,no,no,0,15,,,,,,parent,instock,no,no,,no,taxable,,,,,,,'-1,'-1,,,,,http://205.134.254.135/~teamh/apparel_direct/product/product-7/,,,,,,,,,0,,Red,XXL,,,,,,,,,,,,
"Product 7 - White, L",product-2-l-white-6,264,279,"Color: White, Size: L",,publish,,15,"2021-06-22 06:41:59",1,closed,,,,,no,no,0,10,,,,,,parent,instock,no,no,,no,taxable,,,,,,,'-1,'-1,,,,,http://205.134.254.135/~teamh/apparel_direct/product/product-7/,,,,,,,,,0,,White,L,,,,,,,,,,,,
"Product 7 - White, M",product-2-m-white-6,264,280,"Color: White, Size: M",,publish,,16,"2021-06-22 06:41:59",1,closed,,,,,no,no,0,12,,,,,,parent,instock,no,no,,no,taxable,,,,,,,'-1,'-1,,,,,http://205.134.254.135/~teamh/apparel_direct/product/product-7/,,,,,,,,,0,,White,M,,,,,,,,,,,,
"Product 7 - White, S",product-2-s-white-6,264,281,"Color: White, Size: S",,publish,,17,"2021-06-22 06:41:59",1,closed,,,,,no,no,0,13,,,,,,parent,instock,no,no,,no,taxable,,,,,,,'-1,'-1,,,,,http://205.134.254.135/~teamh/apparel_direct/product/product-7/,,,,,,,,,0,,White,S,,,,,,,,,,,,
"Product 7 - White, XL",product-2-xl-white-6,264,282,"Color: White, Size: XL",,publish,,18,"2021-06-22 06:41:59",1,closed,,,,,no,no,0,14,,,,,,parent,instock,no,no,,no,taxable,,,,,,,'-1,'-1,,,,,http://205.134.254.135/~teamh/apparel_direct/product/product-7/,,,,,,,,,0,,White,XL,,,,,,,,,,,,
"Product 7 - White, XXL",product-2-xxl-white-6,264,283,"Color: White, Size: XXL",,publish,,19,"2021-06-22 06:41:59",1,closed,,,,,no,no,0,15,,,,,,parent,instock,no,no,,no,taxable,,,,,,,'-1,'-1,,,,,http://205.134.254.135/~teamh/apparel_direct/product/product-7/,,,,,,,,,0,,White,XXL,,,,,,,,,,,,
"Product 7 - Blue, L",product-2-l-blue-6,264,284,"Color: Blue, Size: L",,publish,,20,"2021-06-22 06:41:59",1,closed,,,,,no,no,0,10,,,,,,parent,instock,no,no,,no,taxable,,,,,,,'-1,'-1,,,,,http://205.134.254.135/~teamh/apparel_direct/product/product-7/,,,,,,,,,0,,Blue,L,,,,,,,,,,,,
"Product 7 - Blue, S",product-2-s-blue-6,264,285,"Color: Blue, Size: S",,publish,,21,"2021-06-22 06:41:59",1,closed,,,,,no,no,0,11,,,,,,parent,instock,no,no,,no,taxable,,,,,,,'-1,'-1,,,,,http://205.134.254.135/~teamh/apparel_direct/product/product-7/,,,,,,,,,0,,Blue,S,,,,,,,,,,,,
"Product 7 - Blue, XXL",product-2-xxl-blue-6,264,286,"Color: Blue, Size: XXL",,publish,,22,"2021-06-22 06:41:59",1,closed,,,,,no,no,0,12,,,,,,parent,instock,no,no,,no,taxable,,,,,,,'-1,'-1,,,,,http://205.134.254.135/~teamh/apparel_direct/product/product-7/,,,,,,,,,0,,Blue,XXL,,,,,,,,,,,,
"Product 7 - Green, L",product-2-l-green-6,264,287,"Color: Green, Size: L",,publish,,23,"2021-06-22 06:41:59",1,closed,,,,,no,no,0,13,,,,,,parent,instock,no,no,,no,taxable,,,,,,,'-1,'-1,,,,,http://205.134.254.135/~teamh/apparel_direct/product/product-7/,,,,,,,,,0,,Green,L,,,,,,,,,,,,
"Product 7 - Green, S",product-2-s-green-6,264,288,"Color: Green, Size: S",,publish,,24,"2021-06-22 06:41:59",1,closed,,,,,no,no,0,14,,,,,,parent,instock,no,no,,no,taxable,,,,,,,'-1,'-1,,,,,http://205.134.254.135/~teamh/apparel_direct/product/product-7/,,,,,,,,,0,,Green,S,,,,,,,,,,,,
"Product 7 - Green, XXL",product-2-xxl-green-6,264,289,"Color: Green, Size: XXL",,publish,,25,"2021-06-22 06:41:59",1,closed,,,,,no,no,0,15,,,,,,parent,instock,no,no,,no,taxable,,,,,,,'-1,'-1,,,,,http://205.134.254.135/~teamh/apparel_direct/product/product-7/,,,,,,,,,0,,Green,XXL,,,,,,,,,,,,
"Hanes Mens Waffle Knit Thermal Crewneck",hanes-mens-waffle-knit-thermal-crewneck,,893,,"Soft waffle knit thermal crewneck provides comfortable warmth for all day wear. X-Temp technology is designed to adapt to temperature and activity to keep you cool and dry for all day comfort. FreshIQ advanced odor protection technology.",publish,,0,"2021-07-15 08:15:27",1,open,1202,,,,no,no,,7.61,,,,,,,instock,no,no,,no,taxable,,,,,,,'-1,'-1,,,"http://205.134.254.135/~teamh/apparel_direct/wp-content/uploads/2021/07/HNS_25439_Black.jpg ! alt :  ! title : HNS_25439_Black ! desc :  ! caption : ",,http://205.134.254.135/~teamh/apparel_direct/product/hanes-mens-waffle-knit-thermal-crewneck/,Hanes,Men,variable,,"Men|Men > Thermal|Men > Thermal > Tops",,,743,0,"{""columns"":"""",""rows"":""""}",,,Crewneck,2|1|0,,"Long Sleeve",3|1|0,,"Black|Heather Grey|Natural",0|1|1,,2XL|L|M|S|XL,1|1|1,
"Hanes Mens Waffle Knit Thermal Crewneck - Black, 2XL",hanes-mens-waffle-knit-thermal-crewneck-2xl-black,893,894,"Color: Black, Size: 2XL",,publish,,1,"2021-07-15 08:09:34",1,closed,54717,1202,,,no,no,,7.61,,0.52,,,,parent,instock,no,no,,no,taxable,,,,,,,'-1,'-1,,,"http://205.134.254.135/~teamh/apparel_direct/wp-content/uploads/2021/06/HBI_125439_Black.jpg ! alt :  ! title : HBI_125439_Black ! desc :  ! caption : ",,http://205.134.254.135/~teamh/apparel_direct/product/hanes-mens-waffle-knit-thermal-crewneck/,,,,,,,,,0,,Black,2XL,,,,,,,,,,,,
"Hanes Mens Waffle Knit Thermal Crewneck - Black, L",hanes-mens-waffle-knit-thermal-crewneck-l-black,893,895,"Color: Black, Size: L",,publish,,2,"2021-07-15 08:09:34",1,closed,54715,1202,,,no,no,,7.61,,0.52,,,,parent,instock,no,no,,no,taxable,,,,,,,'-1,'-1,,,,,http://205.134.254.135/~teamh/apparel_direct/product/hanes-mens-waffle-knit-thermal-crewneck/,,,,,,,,,0,,Black,L,,,,,,,,,,,,
"Hanes Mens Waffle Knit Thermal Crewneck - Black, M",hanes-mens-waffle-knit-thermal-crewneck-m-black,893,896,"Color: Black, Size: M",,publish,,3,"2021-07-15 08:09:34",1,closed,54714,1202,,,no,no,,7.61,,0.52,,,,parent,instock,no,no,,no,taxable,,,,,,,'-1,'-1,,,,,http://205.134.254.135/~teamh/apparel_direct/product/hanes-mens-waffle-knit-thermal-crewneck/,,,,,,,,,0,,Black,M,,,,,,,,,,,,
"Hanes Mens Waffle Knit Thermal Crewneck - Black, S",hanes-mens-waffle-knit-thermal-crewneck-s-black,893,897,"Color: Black, Size: S",,publish,,4,"2021-07-15 08:09:34",1,closed,54713,1202,,,no,no,,7.61,,0.52,,,,parent,instock,no,no,,no,taxable,,,,,,,'-1,'-1,,,,,http://205.134.254.135/~teamh/apparel_direct/product/hanes-mens-waffle-knit-thermal-crewneck/,,,,,,,,,0,,Black,S,,,,,,,,,,,,
"Hanes Mens Waffle Knit Thermal Crewneck - Black, XL",hanes-mens-waffle-knit-thermal-crewneck-xl-black,893,898,"Color: Black, Size: XL",,publish,,5,"2021-07-15 08:09:34",1,closed,54716,1202,,,no,no,,7.61,,0.52,,,,parent,instock,no,no,,no,taxable,,,,,,,'-1,'-1,,,,,http://205.134.254.135/~teamh/apparel_direct/product/hanes-mens-waffle-knit-thermal-crewneck/,,,,,,,,,0,,Black,XL,,,,,,,,,,,,
"Hanes Mens Waffle Knit Thermal Crewneck - Heather Grey, 2XL",hanes-mens-waffle-knit-thermal-crewneck-2xl-heather-grey,893,899,"Color: Heather Grey, Size: 2XL",,publish,,6,"2021-07-15 08:09:34",1,closed,54722,1202,,,no,no,,7.61,,0.52,,,,parent,instock,no,no,,no,taxable,,,,,,,'-1,'-1,,,,,http://205.134.254.135/~teamh/apparel_direct/product/hanes-mens-waffle-knit-thermal-crewneck/,,,,,,,,,0,,"Heather Grey",2XL,,,,,,,,,,,,
"Hanes Mens Waffle Knit Thermal Crewneck - Heather Grey, L",hanes-mens-waffle-knit-thermal-crewneck-l-heather-grey,893,900,"Color: Heather Grey, Size: L",,publish,,7,"2021-07-15 08:09:34",1,closed,54720,1202,,,no,no,,7.61,,0.52,,,,parent,instock,no,no,,no,taxable,,,,,,,'-1,'-1,,,,,http://205.134.254.135/~teamh/apparel_direct/product/hanes-mens-waffle-knit-thermal-crewneck/,,,,,,,,,0,,"Heather Grey",L,,,,,,,,,,,,
"Hanes Mens Waffle Knit Thermal Crewneck - Heather Grey, M",hanes-mens-waffle-knit-thermal-crewneck-m-heather-grey,893,901,"Color: Heather Grey, Size: M",,publish,,8,"2021-07-15 08:09:34",1,closed,54719,1202,,,no,no,,7.61,,0.52,,,,parent,instock,no,no,,no,taxable,,,,,,,'-1,'-1,,,,,http://205.134.254.135/~teamh/apparel_direct/product/hanes-mens-waffle-knit-thermal-crewneck/,,,,,,,,,0,,"Heather Grey",M,,,,,,,,,,,,
"Hanes Mens Waffle Knit Thermal Crewneck - Heather Grey, S",hanes-mens-waffle-knit-thermal-crewneck-s-heather-grey,893,902,"Color: Heather Grey, Size: S",,publish,,9,"2021-07-15 08:09:34",1,closed,54718,1202,,,no,no,,7.61,,0.52,,,,parent,instock,no,no,,no,taxable,,,,,,,'-1,'-1,,,,,http://205.134.254.135/~teamh/apparel_direct/product/hanes-mens-waffle-knit-thermal-crewneck/,,,,,,,,,0,,"Heather Grey",S,,,,,,,,,,,,
"Hanes Mens Waffle Knit Thermal Crewneck - Heather Grey, XL",hanes-mens-waffle-knit-thermal-crewneck-xl-heather-grey,893,903,"Color: Heather Grey, Size: XL",,publish,,10,"2021-07-15 08:09:34",1,closed,54721,1202,,,no,no,,7.61,,0.52,,,,parent,instock,no,no,,no,taxable,,,,,,,'-1,'-1,,,,,http://205.134.254.135/~teamh/apparel_direct/product/hanes-mens-waffle-knit-thermal-crewneck/,,,,,,,,,0,,"Heather Grey",XL,,,,,,,,,,,,
"Hanes Mens Waffle Knit Thermal Crewneck - Natural, 2XL",hanes-mens-waffle-knit-thermal-crewneck-2xl-natural,893,904,"Color: Natural, Size: 2XL",,publish,,11,"2021-07-15 08:09:34",1,closed,54727,1202,,,no,no,,7.61,,0.52,,,,parent,instock,no,no,,no,taxable,,,,,,,'-1,'-1,,,,,http://205.134.254.135/~teamh/apparel_direct/product/hanes-mens-waffle-knit-thermal-crewneck/,,,,,,,,,0,,Natural,2XL,,,,,,,,,,,,
"Hanes Mens Waffle Knit Thermal Crewneck - Natural, L",hanes-mens-waffle-knit-thermal-crewneck-l-natural,893,905,"Color: Natural, Size: L",,publish,,12,"2021-07-15 08:09:34",1,closed,54725,1202,,,no,no,,7.61,,0.52,,,,parent,instock,no,no,,no,taxable,,,,,,,'-1,'-1,,,,,http://205.134.254.135/~teamh/apparel_direct/product/hanes-mens-waffle-knit-thermal-crewneck/,,,,,,,,,0,,Natural,L,,,,,,,,,,,,
"Hanes Mens Waffle Knit Thermal Crewneck - Natural, M",hanes-mens-waffle-knit-thermal-crewneck-m-natural,893,906,"Color: Natural, Size: M",,publish,,13,"2021-07-15 08:09:34",1,closed,54724,1202,,,no,no,,7.61,,0.52,,,,parent,instock,no,no,,no,taxable,,,,,,,'-1,'-1,,,,,http://205.134.254.135/~teamh/apparel_direct/product/hanes-mens-waffle-knit-thermal-crewneck/,,,,,,,,,0,,Natural,M,,,,,,,,,,,,
"Hanes Mens Waffle Knit Thermal Crewneck - Natural, S",hanes-mens-waffle-knit-thermal-crewneck-s-natural,893,907,"Color: Natural, Size: S",,publish,,14,"2021-07-15 08:09:34",1,closed,54723,1202,,,no,no,,7.61,,0.52,,,,parent,instock,no,no,,no,taxable,,,,,,,'-1,'-1,,,,,http://205.134.254.135/~teamh/apparel_direct/product/hanes-mens-waffle-knit-thermal-crewneck/,,,,,,,,,0,,Natural,S,,,,,,,,,,,,
"Hanes Mens Waffle Knit Thermal Crewneck - Natural, XL",hanes-mens-waffle-knit-thermal-crewneck-xl-natural,893,908,"Color: Natural, Size: XL",,publish,,15,"2021-07-15 08:09:34",1,closed,54726,1202,,,no,no,,7.61,,0.52,,,,parent,instock,no,no,,no,taxable,,,,,,,'-1,'-1,,,,,http://205.134.254.135/~teamh/apparel_direct/product/hanes-mens-waffle-knit-thermal-crewneck/,,,,,,,,,0,,Natural,XL,,,,,,,,,,,,
